player_url,fifa_version,short_name,long_name,club_name,league_name,nationality_name
/player/158023/lionel-messi/240002,24.0,L. Messi,Lionel Andrés Messi Cuccittini,Inter Miami,Major League Soccer,Argentina
/player/189332/jordi-alba-ramos/240002,24.0,Jordi Alba,Jordi Alba Ramos,Inter Miami,Major League Soccer,Spain
/player/189511/sergio-busquets-burgos/240002,24.0,Sergio Busquets,Sergio Busquets i Burgos,Inter Miami,Major League Soccer,Spain
/player/198219/lorenzo-insigne/240002,24.0,L. Insigne,Lorenzo Insigne,Toronto,Major League Soccer,Italy
/player/138956/giorgio-chiellini/240002,24.0,G. Chiellini,Giorgio Chiellini,Los Angeles FC,Major League Soccer,Italy
/player/169416/carlos-vela/240002,24.0,C. Vela,Carlos Alberto Vela Garrido,Los Angeles FC,Major League Soccer,Mexico
/player/210021/hany-mukhtar/240002,24.0,H. Mukhtar,Hany Mukhtar,Nashville SC,Major League Soccer,Germany
/player/245371/thiago-almada/240002,24.0,T. Almada,Thiago Ezequiel Almada,Atlanta United,Major League Soccer,Argentina
/player/234468/emanuel-reynoso/240002,24.0,E. Reynoso,Emanuel Reynoso,Minnesota United,Major League Soccer,Argentina
/player/210930/carles-gil-pareja/240002,24.0,Carles Gil,Carles Gil de Pareja Vicent,New England,Major League Soccer,Spain
/player/221125/sebastian-driussi/240002,24.0,S. Driussi,Sebastián Driussi,Austin,Major League Soccer,Argentina
/player/156519/hector-herrera/240002,24.0,H. Herrera,Héctor Miguel Herrera López,Houston Dynamo,Major League Soccer,Mexico
/player/212404/federico-bernardeschi/240002,24.0,F. Bernardeschi,Federico Bernardeschi,Toronto,Major League Soccer,Italy
/player/216939/andre-blake/240002,24.0,A. Blake,Andre Jason Blake,Philadelphia Union,Major League Soccer,Jamaica
/player/225951/denis-bouanga/240002,24.0,D. Bouanga,Denis Athanase Bouanga,Los Angeles FC,Major League Soccer,Gabon
/player/178224/javier-hernandez/240002,24.0,J. Hernández,Javier Hernández Balcázar,LA Galaxy,Major League Soccer,Mexico
/player/190584/asier-illarramendi/240002,24.0,Illarramendi,Asier Illarramendi Andonegi,Dallas,Major League Soccer,Spain
/player/204538/raul-ruidiaz/240002,24.0,R. Ruidíaz,Raúl Mario Ruidíaz Misitich,Seattle Sounders,Major League Soccer,Peru
/player/221634/luciano-acosta/240002,24.0,L. Acosta,Luciano Federico Acosta,Cincinnati,Major League Soccer,Argentina
/player/241487/jesus-ferreira/240002,24.0,J. Ferreira,Jesús David Ferreira Castro,Dallas,Major League Soccer,United States
/player/237034/juan-camilo-hernandez-suarez/240002,24.0,Cucho Hernández,Juan Camilo Hernández Suárez,Columbus Crew,Major League Soccer,Colombia
/player/240744/martin-ojeda/240002,24.0,M. Ojeda,Martín Exequiel Ojeda,Orlando City,Major League Soccer,Argentina
/player/239704/kai-wagner/240002,24.0,K. Wagner,Kai Wagner,Philadelphia Union,Major League Soccer,Germany
/player/241907/diego-rossi/240002,24.0,D. Rossi,Diego Martín Rossi Marachlian,Columbus Crew,Major League Soccer,Uruguay
/player/238277/daniel-gazdag/240002,24.0,D. Gazdag,Dániel Gazdag,Philadelphia Union,Major League Soccer,Hungary
/player/189117/roman-burki/240002,24.0,R. Bürki,Roman Bürki,Saint Louis City,Major League Soccer,Switzerland
/player/197225/nicolas-lodeiro/240002,24.0,N. Lodeiro,Marcelo Nicolás Lodeiro Benítez,Seattle Sounders,Major League Soccer,Uruguay
/player/205953/joao-paulo-mior/240002,24.0,João Paulo,João Paulo Mior,Seattle Sounders,Major League Soccer,Brazil
/player/208919/ryan-gauld/240002,24.0,R. Gauld,Ryan Gauld,Vancouver Whitecaps,Major League Soccer,Scotland
/player/212591/walker-zimmerman/240002,24.0,W. Zimmerman,Walker Dwain Zimmerman,Nashville SC,Major League Soccer,United States
/player/217998/cristian-arango/240002,24.0,C. Arango,Cristian Daniel Arango Duque,Real Salt Lake,Major League Soccer,Colombia
/player/239910/aaron-boupendza/240002,24.0,A. Boupendza,Aaron Salem Boupendza Pozzi,Cincinnati,Major League Soccer,Gabon
/player/256287/facundo-farias/240002,24.0,F. Farías,Facundo Hernán Farías,Inter Miami,Major League Soccer,Argentina
/player/252238/alan-velasco/240002,24.0,A. Velasco,Alan Agustín Velasco,Dallas,Major League Soccer,Argentina
/player/242816/ricard-puig-marti/240002,24.0,Riqui Puig,Ricard Puig Martí,LA Galaxy,Major League Soccer,Spain
/player/234505/evander-da-silva-ferreira/240002,24.0,Evander,Evander da Silva Ferreira,Portland Timbers,Major League Soccer,Brazil
/player/238072/eduard-lowen/240002,24.0,E. Löwen,Eduard Löwen,Saint Louis City,Major League Soccer,Germany
/player/183895/maxi-moralez/240002,24.0,M. Moralez,Maximiliano Nicol Moralez,New York City,Major League Soccer,Argentina
/player/188955/gustavo-bou/240002,24.0,G. Bou,Gustavo Leonardo Bou,New England,Major League Soccer,Argentina
/player/190362/teemu-pukki/240002,24.0,T. Pukki,Teemu Eino Antero Pukki,Minnesota United,Major League Soccer,Finland
/player/193348/xherdan-shaqiri/240002,24.0,X. Shaqiri,Xherdan Shaqiri,Chicago Fire,Major League Soccer,Switzerland
/player/201043/brecht-dejaegere/240002,24.0,B. Dejaegere,Brecht Dejaegere,Charlotte,Major League Soccer,Belgium
/player/204259/santiago-arias/240002,24.0,S. Arias,Santiago Arias Naranjo,Cincinnati,Major League Soccer,Colombia
/player/207877/josef-martinez/240002,24.0,J. Martínez,Josef Alexander Martínez Mencia,Inter Miami,Major League Soccer,Venezuela
/player/226807/cristian-roldan/240002,24.0,C. Roldan,Cristian Roldán León,Seattle Sounders,Major League Soccer,United States
/player/224301/karol-swiderski/240002,24.0,K. Świderski,Karol Świderski,Charlotte,Major League Soccer,Poland
/player/241026/tomas-chancalay/240002,24.0,T. Chancalay,Tomás Alejandro Chancalay,New England,Major League Soccer,Argentina
/player/242998/joao-klauss-de-mello/240002,24.0,Klauss,João Klauss de Mello,Saint Louis City,Major League Soccer,Brazil
/player/221908/lewis-morgan/240002,24.0,L. Morgan,Lewis Morgan,New York RB,Major League Soccer,Scotland
/player/222429/andres-cubas/240002,24.0,A. Cubas,Adrián Andrés Cubas,Vancouver Whitecaps,Major League Soccer,Paraguay
/player/235970/mario-gonzalez-gutierrez/240002,24.0,Mario González,Mario González Gutiérrez,Los Angeles FC,Major League Soccer,Spain
/player/238555/jefferson-savarino/240002,24.0,J. Savarino,Jefferson David Savarino Quintero,Real Salt Lake,Major League Soccer,Venezuela
/player/184111/christian-benteke/240002,24.0,C. Benteke,Christian Benteke Liolo,DC United,Major League Soccer,Belgium
/player/188942/victor-wanyama/240002,24.0,V. Wanyama,Victor Wanyama,CF Montréal,Major League Soccer,Kenya
/player/192955/mateusz-klich/240002,24.0,M. Klich,Mateusz Andrzej Klich,DC United,Major League Soccer,Poland
/player/202078/darlington-nagbe/240002,24.0,D. Nagbe,Darlington Joephillip Nagbe,Columbus Crew,Major League Soccer,United States
/player/210321/romell-quioto/240002,24.0,R. Quioto,Romell Samir Quioto Robinson,CF Montréal,Major League Soccer,Honduras
/player/213815/mikael-uhre/240002,24.0,M. Uhre,Mikael Uhre,Philadelphia Union,Major League Soccer,Denmark
/player/216605/carlos-akapo-martinez/240002,24.0,Akapo,Carlos Akapo Martínez,San Jose Earthquakes,Major League Soccer,Equatorial Guinea
/player/224396/yeimar-gomez-andrade/240002,24.0,Y. Gómez Andrade,Yeimar Pastor Gómez Andrade,Seattle Sounders,Major League Soccer,Colombia
/player/226385/cristian-espinoza/240002,24.0,C. Espinoza,Cristian Omar Espinoza,San Jose Earthquakes,Major League Soccer,Argentina
/player/239842/georgios-giakoumakis/240002,24.0,G. Giakoumakis,Georgios Giakoumakis,Atlanta United,Major League Soccer,Greece
/player/254891/jose-andres-martinez/240002,24.0,J. Martínez,José Andrés Martínez Torres,Philadelphia Union,Major League Soccer,Venezuela
/player/253755/talles-magno-bacelar-martins/240002,24.0,Talles Magno,Talles Magno Bacelar Martins,New York City,Major League Soccer,Brazil
/player/256136/facundo-torres/240002,24.0,F. Torres,Facundo Daniel Torres Pérez,Orlando City,Major League Soccer,Uruguay
/player/236885/brandon-vazquez/240002,24.0,B. Vazquez,Brandon Vázquez Toledo,Cincinnati,Major League Soccer,United States
/player/234905/dante-vanzeir/240002,24.0,D. Vanzeir,Dante Vanzeir,New York RB,Major League Soccer,Belgium
/player/213536/maxime-crepeau/240002,24.0,M. Crépeau,Maxime Crépeau,Los Angeles FC,Major League Soccer,Canada
/player/215565/matt-miazga/240002,24.0,M. Miazga,Matthew Miazga,Cincinnati,Major League Soccer,United States
/player/221860/carlos-gruezo/240002,24.0,C. Gruezo,Carlos Armando Gruezo Arboleda,San Jose Earthquakes,Major League Soccer,Ecuador
/player/233400/jakob-glesnes/240002,24.0,J. Glesnes,Jakob Glesnes,Philadelphia Union,Major League Soccer,Norway
/player/238008/jack-elliott/240002,24.0,J. Elliott,Jack Elliott,Philadelphia Union,Major League Soccer,England
/player/244656/yohei-takaoka/240002,24.0,Y. Takaoka,髙丘 陽平,Vancouver Whitecaps,Major League Soccer,Japan
/player/190577/sebastian-blanco/240002,24.0,S. Blanco,Sebastián Marcelo Blanco,Portland Timbers,Major League Soccer,Argentina
/player/191648/maya-yoshida/240002,24.0,M. Yoshida,吉田 麻也,LA Galaxy,Major League Soccer,Japan
/player/199562/ilie-sanchez-farres/240002,24.0,Ilie Sánchez,Ilie Sánchez Farrés,Los Angeles FC,Major League Soccer,Spain
/player/199745/erik-sviatchenko/240002,24.0,E. Sviatchenko,Erik Sviatchenko,Houston Dynamo,Major League Soccer,Denmark
/player/203067/diego-chara/240002,24.0,D. Chará,Diego Ferney Chara Zamora,Portland Timbers,Major League Soccer,Colombia
/player/204120/tomas-vaclik/240002,24.0,T. Vaclík,Tomáš Vaclík,New England,Major League Soccer,Czech Republic
/player/204691/mauricio-pereyra/240002,24.0,M. Pereyra,Mauricio Ernesto Pereyra Antonini,Orlando City,Major League Soccer,Uruguay
/player/205726/gaston-brugman/240002,24.0,G. Brugman,Gastón Brugman Duarte,LA Galaxy,Major League Soccer,Uruguay
/player/210423/albert-rusnak/240002,24.0,A. Rusnák,Albert Rusnák,Seattle Sounders,Major League Soccer,Slovakia
/player/211826/rafael-czichos/240002,24.0,R. Czichos,Rafael Czichos,Chicago Fire,Major League Soccer,Germany
/player/213439/jonathan-osorio/240002,24.0,J. Osorio,Jonathan Osorio,Toronto,Major League Soccer,Canada
/player/225701/pedro-gallese/240002,24.0,P. Gallese,Pedro David Gallese Quiróz,Orlando City,Major League Soccer,Peru
/player/228312/robin-lod/240002,24.0,R. Lod,Robin Lod,Minnesota United,Major League Soccer,Finland
/player/231150/jamiro-gregory-monteiro-alvarenga/240002,24.0,Jamiro Monteiro,Jamiro Gregory Monteiro Alvarenga,San Jose Earthquakes,Major League Soccer,Cape Verde Islands
/player/237223/julian-gressel/240002,24.0,J. Gressel,Julian Gressel,Columbus Crew,Major League Soccer,United States
/player/238332/enzo-copetti/240002,24.0,E. Copetti,Enzo Nahuel Copetti,Charlotte,Major League Soccer,Argentina
/player/251410/gregore-de-magalhaes-da-s/240002,24.0,Gregore,Gregore de Magalhães da S.,Inter Miami,Major League Soccer,Brazil
/player/255862/santiago-rodriguez/240002,24.0,S. Rodríguez,Santiago Mariano Rodríguez Molina,New York City,Major League Soccer,Uruguay
/player/242214/james-sands/240002,24.0,J. Sands,James Hoban Sands,New York City,Major League Soccer,United States
/player/245065/diego-palacios/240002,24.0,D. Palacios,Juan Diego Palacios Ricardo,Los Angeles FC,Major League Soccer,Ecuador
/player/237255/miles-robinson/240002,24.0,M. Robinson,Miles Gordon Robinson,Atlanta United,Major League Soccer,United States
/player/240969/julian-carranza/240002,24.0,J. Carranza,Julián Simón Carranza,Philadelphia Union,Major League Soccer,Argentina
/player/241783/keaton-parks/240002,24.0,K. Parks,Keaton Alexander Parks,New York City,Major League Soccer,United States
/player/242084/carlos-miguel-coronel/240002,24.0,Carlos Coronel,Carlos Miguel Coronel,New York RB,Major League Soccer,Brazil
/player/232120/shaquell-moore/240002,24.0,S. Moore,Shaquell Moore,Nashville SC,Major League Soccer,United States
/player/237256/jeremy-ebobisse/240002,24.0,J. Ebobisse,Jeremy Ebobisse,San Jose Earthquakes,Major League Soccer,Cameroon
/player/246803/dejuan-jones/240002,24.0,D. Jones,DeJuan Lytelle Jones,New England,Major League Soccer,United States
/player/258881/obinna-nwobodo/240002,24.0,O. Nwobodo,Obinna Nwobodo,Cincinnati,Major League Soccer,Nigeria
/player/231247/braian-cufre/240002,24.0,B. Cufré,Braian Ezequiel Cufré,New York City,Major League Soccer,Argentina
/player/234178/luis-abram/240002,24.0,L. Abram,Luis Alfonso Abram Ugarelli,Atlanta United,Major League Soccer,Peru
/player/244186/lucas-lima-linhares/240002,24.0,Luquinhas,Lucas Lima Linhares,New York RB,Major League Soccer,Brazil
/player/185068/johnny-russell/240002,24.0,J. Russell,Johnny Russell,Sporting Kansas City,Major League Soccer,Scotland
/player/189280/ashley-westwood/240002,24.0,A. Westwood,Ashley Westwood,Charlotte,Major League Soccer,England
/player/190569/stefan-frei/240002,24.0,S. Frei,Stefan Frei,Seattle Sounders,Major League Soccer,United States
/player/192930/alan-pulido/240002,24.0,A. Pulido,Alan Pulido Izaguirre,Sporting Kansas City,Major League Soccer,Mexico
/player/193470/arnaud-souquet/240002,24.0,A. Souquet,Arnaud Souquet,Chicago Fire,Major League Soccer,France
/player/202331/facundo-quignon/240002,24.0,F. Quignon,Facundo Tomás Quignón,Dallas,Major League Soccer,Argentina
/player/204709/diego-rubio/240002,24.0,D. Rubio,Diego Iván Rubio Kostner,Colorado Rapids,Major League Soccer,Chile
/player/206414/sergiy-kryvtsov/240002,24.0,S. Kryvtsov,Sergiy Kryvtsov,Inter Miami,Major League Soccer,Ukraine
/player/207440/franco-fragapane/240002,24.0,F. Fragapane,Franco Rodrigo Fragapane,Minnesota United,Major League Soccer,Argentina
/player/209238/jean-mota-oliveira-de-sousa/240002,24.0,Jean Mota,Jean Mota Oliveira de Sousa,Inter Miami,Major League Soccer,Brazil
/player/210802/joakim-nilsson/240002,24.0,J. Nilsson,Jörgen Joakim Nilsson,Saint Louis City,Major League Soccer,Sweden
/player/213209/kellyn-acosta/240002,24.0,K. Acosta,Kellyn Kai Perry-Acosta,Los Angeles FC,Major League Soccer,United States
/player/214132/yimmi-chara/240002,24.0,Y. Chará,Yimmi Javier Chara Zamora,Portland Timbers,Major League Soccer,Colombia
/player/215259/emiliano-rigoni/240002,24.0,E. Rigoni,Emiliano Ariel Rigoni,Austin,Major League Soccer,Argentina
/player/215886/damir-kreilach/240002,24.0,D. Kreilach,Damir Kreilach,Real Salt Lake,Major League Soccer,Croatia
/player/217714/paul-arriola/240002,24.0,P. Arriola,Paul Joseph Arriola Hendricks,Dallas,Major League Soccer,United States
/player/225028/nemanja-radoja/240002,24.0,N. Radoja,Nemanja Radoja,Sporting Kansas City,Major League Soccer,Serbia
/player/225706/miguel-trauco/240002,24.0,M. Trauco,Miguel Ángel Trauco Saavedra,San Jose Earthquakes,Major League Soccer,Peru
/player/226035/jordan-morris/240002,24.0,J. Morris,Jordan Morris,Seattle Sounders,Major League Soccer,United States
/player/226273/sean-davis/240002,24.0,S. Davis,Sean Davis,Nashville SC,Major League Soccer,United States
/player/227772/gaston-gimenez/240002,24.0,G. Giménez,Gastón Claudio Giménez,Chicago Fire,Major League Soccer,Paraguay
/player/232148/daniel-salloi/240002,24.0,D. Sallói,Dániel Sallói,Sporting Kansas City,Major League Soccer,Hungary
/player/236281/franco-negri/240002,24.0,F. Negri,Franco Negri,Inter Miami,Major League Soccer,Argentina
/player/259245/ousmane-doumbia/240002,24.0,O. Doumbia,Ousmane Doumbia,Chicago Fire,Major League Soccer,Côte d'Ivoire
/player/251834/john-tolkin/240002,24.0,J. Tolkin,John Tolkin,New York RB,Major League Soccer,United States
/player/264433/nelson-palacio/240002,24.0,N. Palacio,Nelson Palacio Ruiz,Real Salt Lake,Major League Soccer,Colombia
/player/261072/ramiro-enrique/240002,24.0,R. Enrique,Ramiro Enrique Paz,Orlando City,Major League Soccer,Argentina
/player/246033/santiago-sosa/240002,24.0,S. Sosa,Santiago Sosa,Atlanta United,Major League Soccer,Argentina
/player/247933/santiago-moreno/240002,24.0,S. Moreno,Santiago Moreno,Portland Timbers,Major League Soccer,Colombia
/player/236571/maarten-paes/240002,24.0,M. Paes,Maarten Paes,Dallas,Major League Soccer,Netherlands
/player/247228/dayne-st-clair/240002,24.0,D. St. Clair,Dayne St. Clair,Minnesota United,Major League Soccer,Canada
/player/251105/dejan-joveljic/240002,24.0,D. Joveljić,Dejan Joveljić,LA Galaxy,Major League Soccer,Serbia
/player/255110/henry-kessler/240002,24.0,H. Kessler,Frederick Henry Kessler,New England,Major League Soccer,United States
/player/234249/sam-surridge/240002,24.0,S. Surridge,Sam Surridge,Nashville SC,Major League Soccer,England
/player/247648/kamal-miller/240002,24.0,K. Miller,Kamal Anthony Miller,Inter Miami,Major League Soccer,Canada
/player/233790/thiago-martins-bueno/240002,24.0,Thiago Martins,Thiago Martins Bueno,New York City,Major League Soccer,Brazil
/player/219546/jesus-murillo/240002,24.0,J. Murillo,Jesús David Murillo Largacha,Los Angeles FC,Major League Soccer,Colombia
/player/234122/jose-artur-de-lima-junior/240002,24.0,Artur,José Artur de Lima Junior,Houston Dynamo,Major League Soccer,Brazil
/player/237469/nouhou-tolo/240002,24.0,Nouhou,Nouhou Tolo,Seattle Sounders,Major League Soccer,Cameroon
/player/242554/brandon-bye/240002,24.0,B. Bye,Brandon Bye,New England,Major League Soccer,United States
/player/182495/martin-caceres/240002,24.0,M. Cáceres,José Martín Cáceres Silva,LA Galaxy,Major League Soccer,Uruguay
/player/191173/alejandro-bedoya/240002,24.0,A. Bedoya,Alejandro Bedoya,Philadelphia Union,Major League Soccer,United States
/player/202215/joe-willis/240002,24.0,J. Willis,Joe Willis,Nashville SC,Major League Soccer,United States
/player/205585/jack-price/240002,24.0,J. Price,Jack Alexander Price,Colorado Rapids,Major League Soccer,England
/player/206529/franck-boli/240002,24.0,F. Boli,Bi Sylvestre Franck Fortune Boli,Portland Timbers,Major League Soccer,Côte d'Ivoire
/player/207593/jere-uronen/240002,24.0,J. Uronen,Jere Juhani Uronen,Charlotte,Major League Soccer,Finland
/player/209597/antonio-carlos-cunha-capocasali-jr/240002,24.0,Antônio Carlos,Antônio Carlos Cunha Capocasali Junior,Orlando City,Major League Soccer,Brazil
/player/211119/pedro-miguel-martins-santos/240002,24.0,Pedro Santos,Pedro Miguel Martins Santos,DC United,Major League Soccer,Portugal
/player/212287/andreas-maxso/240002,24.0,A. Maxsø,Andreas Beyer Maxsø,Colorado Rapids,Major League Soccer,Denmark
/player/213092/samuel-piette/240002,24.0,S. Piette,Samuel Piette,CF Montréal,Major League Soccer,Canada
/player/213313/remi-walter/240002,24.0,R. Walter,Rémi Walter,Sporting Kansas City,Major League Soccer,France
/player/217047/anibal-godoy/240002,24.0,A. Godoy,Aníbal Cesis Godoy Lemus,Nashville SC,Major League Soccer,Panama
/player/221201/tim-leibold/240002,24.0,T. Leibold,Tim Leibold,Sporting Kansas City,Major League Soccer,Germany
/player/221488/ryan-hollingshead/240002,24.0,R. Hollingshead,Ryan Hollingshead,Los Angeles FC,Major League Soccer,United States
/player/221797/erik-thommy/240002,24.0,E. Thommy,Erik Thommy,Sporting Kansas City,Major League Soccer,Germany
/player/222123/aaron-long/240002,24.0,A. Long,Aaron Long,Los Angeles FC,Major League Soccer,United States
/player/232081/richie-laryea/240002,24.0,R. Laryea,Richie Mamah Laryea,Vancouver Whitecaps,Major League Soccer,Canada
/player/232646/claudio-bravo/240002,24.0,C. Bravo,Claudio Nicolás Bravo,Portland Timbers,Major League Soccer,Argentina
/player/238604/daniel-de-souza-brito/240002,24.0,Daniel,Daniel de Souza Brito,San Jose Earthquakes,Major League Soccer,Brazil
/player/239782/bryan-acosta/240002,24.0,B. Acosta,Bryan Josue Acosta Ramos,Portland Timbers,Major League Soccer,Honduras
/player/240982/junior-moreno/240002,24.0,J. Moreno,Júnior Leonardo Moreno Borrero,Cincinnati,Major League Soccer,Venezuela
/player/262585/stipe-biuk/240002,24.0,S. Biuk,Stipe Biuk,Los Angeles FC,Major League Soccer,Croatia
/player/248870/braian-ojeda/240002,24.0,B. Ojeda,Braian Óscar Ojeda Rodríguez,Real Salt Lake,Major League Soccer,Paraguay
/player/263947/antony-alves-santos/240002,24.0,Antony,Antony Alves Santos,Portland Timbers,Major League Soccer,Brazil
/player/245691/alvaro-barreal/240002,24.0,Á. Barreal,Álvaro Martín Barreal,Cincinnati,Major League Soccer,Argentina
/player/255145/aidan-morris/240002,24.0,A. Morris,Aidan Morris,Columbus Crew,Major League Soccer,United States
/player/235194/giacomo-vrioni/240002,24.0,G. Vrioni,Giacomo Vrioni,New England,Major League Soccer,Albania
/player/240448/pablo-ruiz/240002,24.0,P. Ruiz,Pablo Enrique Ruíz,Real Salt Lake,Major League Soccer,Argentina
/player/253568/leonardo-campana/240002,24.0,L. Campana,Leonardo Campana Romero,Inter Miami,Major League Soccer,Ecuador
/player/253953/gaston-gonzalez/240002,24.0,G. González,Gastón González,Orlando City,Major League Soccer,Argentina
/player/243544/adalberto-carrasquilla/240002,24.0,A. Carrasquilla,Adalberto Eliécer Carrasquilla Alcázar,Houston Dynamo,Major League Soccer,Panama
/player/247459/sean-nealis/240002,24.0,S. Nealis,Sean Nealis,New York RB,Major League Soccer,United States
/player/237257/jackson-yueill/240002,24.0,J. Yueill,Jackson William Yueill,San Jose Earthquakes,Major League Soccer,United States
/player/263180/tai-baribo/240002,24.0,T. Baribo,Thai Baribo,Philadelphia Union,Major League Soccer,Israel
/player/228321/sergi-palencia-hurtado/240002,24.0,Sergi Palencia,Sergi Palencia Hurtado,Los Angeles FC,Major League Soccer,Spain
/player/253289/guzman-corujo/240002,24.0,G. Corujo,Guzmán Corujo Bríccola,Charlotte,Major League Soccer,Uruguay
/player/163050/billy-sharp/240002,24.0,B. Sharp,Billy Sharp,LA Galaxy,Major League Soccer,England
/player/176048/kei-kamara/240002,24.0,K. Kamara,Kaiansu Kei Kamara,Chicago Fire,Major League Soccer,Sierra Leone
/player/176071/dax-mccarty/240002,24.0,D. McCarty,Dax McCarty,Nashville SC,Major League Soccer,United States
/player/190780/sean-johnson/240002,24.0,S. Johnson,Sean Everet Johnson,Toronto,Major League Soccer,United States
/player/192476/andreu-fontas-prat/240002,24.0,Fontàs,Andreu Fontàs Prat,Sporting Kansas City,Major League Soccer,Spain
/player/198355/steve-clark/240002,24.0,S. Clark,Steve Clark,Houston Dynamo,Major League Soccer,United States
/player/198970/jonathan-mensah/240002,24.0,J. Mensah,Jonathan Mensah,San Jose Earthquakes,Major League Soccer,Ghana
/player/201895/diego-fagundez/240002,24.0,D. Fagundez,Diego Santiago Fagúndez Pepe,LA Galaxy,Major League Soccer,Uruguay
/player/202107/alfredo-morales/240002,24.0,A. Morales,Alfredo Morales,New York City,Major League Soccer,United States
/player/203137/robin-jansson/240002,24.0,R. Jansson,Robin Jansson,Orlando City,Major League Soccer,Sweden
/player/203796/felipe-gutierrez/240002,24.0,F. Gutiérrez,Felipe Alejandro Gutiérrez Leiva,Sporting Kansas City,Major League Soccer,Chile
/player/205895/alexander-ring/240002,24.0,A. Ring,Alexander Ring,Austin,Major League Soccer,Finland
/player/206662/matt-hedges/240002,24.0,M. Hedges,Matt Hedges,Austin,Major League Soccer,United States
/player/208592/mark-delgado/240002,24.0,M. Delgado,Marky Delgado,LA Galaxy,Major League Soccer,United States
/player/211672/tyler-boyd/240002,24.0,T. Boyd,Tyler Dominic Boyd,LA Galaxy,Major League Soccer,United States
/player/212478/gyasi-zardes/240002,24.0,G. Zardes,Gyasi Zardes,Austin,Major League Soccer,United States
/player/212722/deandre-yedlin/240002,24.0,D. Yedlin,DeAndre Roselle Yedlin,Inter Miami,Major League Soccer,United States
/player/213302/ismael-tajouri-shradi/240002,24.0,I. Tajouri-Shradi,Ismael Tajouri-Shradi,Minnesota United,Major League Soccer,Libya
/player/221306/michael-barrios/240002,24.0,M. Barrios,Michael David Barrios Puerta,LA Galaxy,Major League Soccer,Colombia
/player/221713/daniel-lovitz/240002,24.0,D. Lovitz,Daniel Lovitz,Nashville SC,Major League Soccer,United States
/player/226793/matt-polster/240002,24.0,M. Polster,Matthew Ryan Polster,New England,Major League Soccer,United States
/player/234624/bakaye-dibassy/240002,24.0,B. Dibassy,Bakaye Dibassy,Minnesota United,Major League Soccer,Mali
/player/237153/latif-blessing/240002,24.0,L. Blessing,Latif Blessing,Toronto,Major League Soccer,Ghana
/player/239755/saba-lobjanidze/240002,24.0,S. Lobjanidze,Saba Lobzhanidze,Atlanta United,Major League Soccer,Georgia
/player/244110/jesus-jimenez-nunez/240002,24.0,Jesús Jiménez,Jesús Jiménez Núñez,Dallas,Major League Soccer,Spain
/player/247325/cade-cowell/240002,24.0,C. Cowell,Cade Dylan Cowell,San Jose Earthquakes,Major League Soccer,United States
/player/266674/carlos-andres-gomez/240002,24.0,C. Gómez,Carlos Andrés Gómez,Real Salt Lake,Major League Soccer,Colombia
/player/246335/federico-navarro/240002,24.0,F. Navarro,Federico Darío Navarro,Chicago Fire,Major League Soccer,Argentina
/player/259874/cesar-araujo/240002,24.0,C. Araújo,César Nahuel Araújo Vilches,Orlando City,Major League Soccer,Uruguay
/player/238049/paxton-pomykal/240002,24.0,P. Pomykal,Paxton Pomykal,Dallas,Major League Soccer,United States
/player/245341/cole-bassett/240002,24.0,C. Bassett,Cole Bassett,Colorado Rapids,Major League Soccer,United States
/player/259288/kwadwo-opoku/240002,24.0,K. Opoku,Kwadwo Opoku,CF Montréal,Major League Soccer,Ghana
/player/246048/andres-reyes/240002,24.0,A. Reyes,Andrés Felipe Reyes Ambuila,New York RB,Major League Soccer,Colombia
/player/255316/denil-maldonado/240002,24.0,D. Maldonado,Denil Omar Maldonado Munguía,Los Angeles FC,Major League Soccer,Honduras
/player/236800/ivan-angulo/240002,24.0,I. Angulo,Iván Darío Angulo Cortés,Orlando City,Major League Soccer,Colombia
/player/254019/nicholas-gioacchini/240002,24.0,N. Gioacchini,Nicholas Gioacchini,Saint Louis City,Major League Soccer,United States
/player/264516/bongokuhle-hlongwane/240002,24.0,B. Hlongwane,Bongokuhle Hlongwane,Minnesota United,Major League Soccer,South Africa
/player/237245/eddie-segura/240002,24.0,E. Segura,Eddie Livington Segura Martínez,Los Angeles FC,Major League Soccer,Colombia
/player/253296/mathias-laborda/240002,24.0,M. Laborda,Mathías Nicolás Laborda Malseñido,Vancouver Whitecaps,Major League Soccer,Uruguay
/player/255827/ranko-veselinovic/240002,24.0,R. Veselinović,Ranko Veselinović,Vancouver Whitecaps,Major League Soccer,Serbia
/player/258718/marko-ilic/240002,24.0,M. Ilić,Marko Ilić,Colorado Rapids,Major League Soccer,Serbia
/player/234291/leo-vaisanen/240002,24.0,L. Väisänen,Leo Onni Artturi Väisänen,Austin,Major League Soccer,Finland
/player/222557/justen-glad/240002,24.0,J. Glad,Justen Glad,Real Salt Lake,Major League Soccer,United States
/player/233222/kamil-jozwiak/240002,24.0,K. Jóźwiak,Kamil Jóźwiak,Charlotte,Major League Soccer,Poland
/player/225529/nathan-raphael-pelae-cardoso/240002,24.0,Nathan,Nathan Raphael Pelae Cardoso,San Jose Earthquakes,Major League Soccer,Brazil
/player/235166/mohanad-jeahze/240002,24.0,M. Jeahze,Mohanad Abdulkadhim Qasim Al Jebur Jeahze,DC United,Major League Soccer,Iraq
/player/239438/teenage-hadebe/240002,24.0,T. Hadebe,Teenage Lingani Hadebe,Houston Dynamo,Major League Soccer,Zimbabwe
/player/242503/eryk-williamson/240002,24.0,E. Williamson,Eryk Williamson,Portland Timbers,Major League Soccer,United States
/player/221664/wilder-cartagena/240002,24.0,W. Cartagena,Wilder José Cartagena Mendoza,Orlando City,Major League Soccer,Peru
/player/227911/randall-leal/240002,24.0,R. Leal,Randall Enrique Leal Arley,Nashville SC,Major League Soccer,Costa Rica
/player/233314/russell-canouse/240002,24.0,R. Canouse,Russell Canouse,DC United,Major League Soccer,United States
/player/178287/scott-arfield/240002,24.0,S. Arfield,Scott Harry Nathaniel Arfield,Charlotte,Major League Soccer,Canada
/player/186998/william-yarbrough/240002,24.0,W. Yarbrough,William Paul Yarbrough Story,Colorado Rapids,Major League Soccer,United States
/player/194063/jan-gregus/240002,24.0,J. Greguš,Ján Greguš,Minnesota United,Major League Soccer,Slovakia
/player/198705/andy-najar/240002,24.0,A. Najar,Andy Aryel Najar Rodríguez,DC United,Major League Soccer,Honduras
/player/201447/sebastian-lletget/240002,24.0,S. Lletget,Sebastian Francisco Lletget,Dallas,Major League Soccer,United States
/player/202170/michael-boxall/240002,24.0,M. Boxall,Michael Joseph Boxall,Minnesota United,Major League Soccer,New Zealand
/player/206171/ocimar-almeida-junior/240002,24.0,Júnior Urso,Ocimar de Almeida Júnior,Orlando City,Major League Soccer,Brazil
/player/206485/rudy-camacho/240002,24.0,R. Camacho,Rudy Camacho,Columbus Crew,Major League Soccer,France
/player/211239/corentin-jean/240002,24.0,C. Jean,Corentin Jean,Inter Miami,Major League Soccer,France
/player/212401/steven-moreira/240002,24.0,S. Moreira,Steven Moreira,Columbus Crew,Major League Soccer,France
/player/212424/wil-trapp/240002,24.0,W. Trapp,Wil Trapp,Minnesota United,Major League Soccer,United States
/player/212592/andrew-farrell/240002,24.0,A. Farrell,Andrew Farrell,New England,Major League Soccer,United States
/player/213620/felipe-mora/240002,24.0,F. Mora,Felipe Andrés Mora Aliaga,Portland Timbers,Major League Soccer,Chile
/player/215067/dany-rosero/240002,24.0,D. Rosero,Dany Alejandro Rosero Valencia,Sporting Kansas City,Major League Soccer,Colombia
/player/220028/sam-adekugbe/240002,24.0,S. Adekugbe,Samuel Ayomide Adekugbe,Vancouver Whitecaps,Major League Soccer,Canada
/player/226803/tim-parker/240002,24.0,T. Parker,Tim Parker,Saint Louis City,Major League Soccer,United States
/player/230991/fabrice-jean-picault/240002,24.0,Fafà Picault,Fabrice-Jean Picault,Nashville SC,Major League Soccer,Haiti
/player/231878/tyler-miller/240002,24.0,T. Miller,Tyler Austin Miller,DC United,Major League Soccer,United States
/player/231985/keegan-rosenberry/240002,24.0,K. Rosenberry,Keegan Rosenberry,Colorado Rapids,Major League Soccer,United States
/player/238922/mark-anthony-kaye/240002,24.0,M. Kaye,Mark-Anthony Kaye,New England,Major League Soccer,Canada
/player/239944/robert-taylor/240002,24.0,R. Taylor,Robert Thomas Taylor,Inter Miami,Major League Soccer,Finland
/player/243456/brian-white/240002,24.0,B. White,Brian White,Vancouver Whitecaps,Major League Soccer,United States
/player/243545/jose-fajardo/240002,24.0,J. Fajardo,José Fajardo,DC United,Major League Soccer,Panama
/player/254234/dixon-arroyo/240002,24.0,D. Arroyo,Dixon Jair Arroyo Espinoza,Inter Miami,Major League Soccer,Ecuador
/player/255353/gadi-kinda/240002,24.0,G. Kinda,Gadi Kinda,Sporting Kansas City,Major League Soccer,Israel
/player/260479/jack-mcglynn/240002,24.0,J. McGlynn,Jack McGlynn,Philadelphia Union,Major League Soccer,United States
/player/262998/lucas-felipe-calegari/240002,24.0,Calegari,Lucas Felipe Calegari,LA Galaxy,Major League Soccer,Brazil
/player/267866/julian-fernandez/240002,24.0,J. Fernández,Julián Fernández,New York City,Major League Soccer,Argentina
/player/274569/tomas-aviles/240002,24.0,T. Avilés,Tomás Agustín Avilés,Inter Miami,Major League Soccer,Argentina
/player/258819/cristian-olivera/240002,24.0,C. Olivera,Cristian Gonzalo Olivera Ibarra,Los Angeles FC,Major League Soccer,Uruguay
/player/247582/frankie-amaya/240002,24.0,F. Amaya,Frankie Amaya,New York RB,Major League Soccer,United States
/player/256098/richard-ledezma/240002,24.0,R. Ledezma,Richard Ledezma,New York City,Major League Soccer,United States
/player/256666/yerson-mosquera/240002,24.0,Y. Mosquera,Yerson Mosquera Valdelamar,Cincinnati,Major League Soccer,Colombia
/player/266382/roman-celentano/240002,24.0,R. Celentano,Roman Celentano,Cincinnati,Major League Soccer,United States
/player/254905/indiana-vassilev/240002,24.0,I. Vassilev,Indiana Denchev Vassilev,Saint Louis City,Major League Soccer,United States
/player/244884/matias-pellegrini/240002,24.0,M. Pellegrini,Matías Pellegrini,New York City,Major League Soccer,Argentina
/player/252859/leon-flach/240002,24.0,L. Flach,Leon Maximilian Flach,Philadelphia Union,Major League Soccer,United States
/player/240319/timothy-tillman/240002,24.0,T. Tillman,Timothy Tillman,Los Angeles FC,Major League Soccer,Germany
/player/244448/juan-sanchez-purata/240002,24.0,J. Sánchez Purata,Juan José Sánchez Purata,Atlanta United,Major League Soccer,Mexico
/player/247031/donovan-pines/240002,24.0,D. Pines,Donovan Pines,DC United,Major League Soccer,United States
/player/247494/jonathan-sirois/240002,24.0,J. Sirois,Jonathan Sirois,CF Montréal,Major League Soccer,Canada
/player/247734/njabulo-blom/240002,24.0,N. Blom,Njabulo Blom,Saint Louis City,Major League Soccer,South Africa
/player/254962/drake-callender/240002,24.0,D. Callender,Drake Callender,Inter Miami,Major League Soccer,United States
/player/241573/mender-garcia/240002,24.0,M. García,Mender García Torres,Minnesota United,Major League Soccer,Colombia
/player/241737/birk-risa/240002,24.0,B. Risa,Birk Risa,New York City,Major League Soccer,Norway
/player/244680/mathieu-choiniere/240002,24.0,M. Choinière,Mathieu Choinière,CF Montréal,Major League Soccer,Canada
/player/228408/connor-ronan/240002,24.0,C. Ronan,Connor Patrick Ronan,Colorado Rapids,Major League Soccer,Republic of Ireland
/player/233090/joaquin-torres/240002,24.0,J. Torres,Joaquín Torres,Philadelphia Union,Major League Soccer,Argentina
/player/236038/kyle-duncan/240002,24.0,K. Duncan,Kyle Duncan,New York RB,Major League Soccer,United States
/player/237662/brooks-lennon/240002,24.0,B. Lennon,Brooks Lennon,Atlanta United,Major League Soccer,United States
/player/238775/sebastian-kowalczyk/240002,24.0,S. Kowalczyk,Sebastian Kowalczyk,Houston Dynamo,Major League Soccer,Poland
/player/243235/olivier-mbaizo/240002,24.0,O. Mbaizo,Olivier Mbaissidara Mbaizo,Philadelphia Union,Major League Soccer,Cameroon
/player/244904/miguel-tapias/240002,24.0,M. Tapias,Miguel Ángel Tapias Dávila,Minnesota United,Major League Soccer,Mexico
/player/247278/andrew-gutman/240002,24.0,A. Gutman,Andrew David Gutman,Colorado Rapids,Major League Soccer,United States
/player/266805/lucas-bartlett/240002,24.0,L. Bartlett,Lucas Bartlett,Saint Louis City,Major League Soccer,United States
/player/238504/amine-bassi/240002,24.0,A. Bassi,Amine Bassi,Houston Dynamo,Major League Soccer,Morocco
/player/242596/tristan-blackmon/240002,24.0,T. Blackmon,Tristan Blackmon,Vancouver Whitecaps,Major League Soccer,United States
/player/251387/luis-diaz/240002,24.0,L. Díaz,Luis Mario Díaz Espinoza,Colorado Rapids,Major League Soccer,Costa Rica
/player/166539/derrick-etienne-jr/240002,24.0,D. Etienne Jr.,Derrick Etienne Jr.,Atlanta United,Major League Soccer,Haiti
/player/237203/cristhian-paredes/240002,24.0,C. Paredes,Cristhian Fabián Paredes Maciel,Portland Timbers,Major League Soccer,Paraguay
/player/237642/raoul-petretta/240002,24.0,R. Petretta,Raoul Petretta,Toronto,Major League Soccer,Italy
/player/242542/aaron-herrera/240002,24.0,A. Herrera,Aaron Herrera,CF Montréal,Major League Soccer,Guatemala
/player/155887/michael-bradley/240002,24.0,M. Bradley,Michael Bradley,Toronto,Major League Soccer,United States
/player/190919/fredy-montero/240002,24.0,F. Montero,Fredy Henkyer Montero Muñoz,Seattle Sounders,Major League Soccer,Colombia
/player/202223/justin-meram/240002,24.0,J. Meram,Justin Meram,Charlotte,Major League Soccer,Iraq
/player/203276/heber-araujo-dos-santos/240002,24.0,Héber,Héber Araújo dos Santos,Seattle Sounders,Major League Soccer,Brazil
/player/212790/jamal-thiare/240002,24.0,J. Thiaré,Jamal Thiaré,Atlanta United,Major League Soccer,Senegal
/player/213206/brad-stuver/240002,24.0,B. Stuver,Brad Stuver,Austin,Major League Soccer,United States
/player/214718/martin-rodriguez/240002,24.0,M. Rodríguez,Martín Vladimir Rodríguez Torrejón,DC United,Major League Soccer,Chile
/player/220925/alessandro-schopf/240002,24.0,A. Schöpf,Alessandro André Schöpf,Vancouver Whitecaps,Major League Soccer,Austria
/player/221621/steve-birnbaum/240002,24.0,S. Birnbaum,Steven Mitchell Birnbaum,DC United,Major League Soccer,United States
/player/221626/damion-lowe/240002,24.0,D. Lowe,Damion Onandi Lowe,Philadelphia Union,Major League Soccer,Jamaica
/player/221680/nick-hagglund/240002,24.0,N. Hagglund,Nick Hagglund,Cincinnati,Major League Soccer,United States
/player/222587/franco-escobar/240002,24.0,F. Escobar,Franco Nicolás Escobar,Houston Dynamo,Major League Soccer,Argentina
/player/224330/nicolas-stefanelli/240002,24.0,N. Stefanelli,Nicolás Marcelo Stefanelli,Inter Miami,Major League Soccer,Argentina
/player/226495/sergio-henrique-santos-gomes/240002,24.0,Sergio Santos,Sergio Henrique Santos Gomes,Cincinnati,Major League Soccer,Brazil
/player/227594/jader-obrian/240002,24.0,J. Obrian,Jáder Rafael Obrian Arias,Dallas,Major League Soccer,Colombia
/player/229658/cristian-dajome/240002,24.0,C. Dájome,Cristián Andrés Dájome Arboleda,DC United,Major League Soccer,Colombia
/player/229879/dave-romney/240002,24.0,D. Romney,David Romney,New England,Major League Soccer,United States
/player/230794/ignacio-gil/240002,24.0,Nacho Gil,Ignacio Gil de Pareja Vicent,New England,Major League Soccer,Spain
/player/232358/judson-silva-tavares/240002,24.0,Judson,Judson Silva Tavares,San Jose Earthquakes,Major League Soccer,Brazil
/player/233656/andrew-brody/240002,24.0,A. Brody,Andrew Brody,Real Salt Lake,Major League Soccer,United States
/player/234781/jose-antonio-martinez-gil/240002,24.0,Martínez,José Antonio Martínez Gil,Dallas,Major League Soccer,Spain
/player/237075/christian-ramirez/240002,24.0,C. Ramirez,Christian Ramírez,Columbus Crew,Major League Soccer,United States
/player/242092/rasmus-alm/240002,24.0,R. Alm,Rasmus Alm,Saint Louis City,Major League Soccer,Sweden
/player/242714/chris-mueller/240002,24.0,C. Mueller,Christopher Mueller,Chicago Fire,Major League Soccer,United States
/player/246958/aljaz-ivacic/240002,24.0,A. Ivačič,Aljaž Ivačič,Portland Timbers,Major League Soccer,Slovenia
/player/254067/anderson-julio/240002,24.0,A. Julio,Anderson Andrés Julio Santos,Real Salt Lake,Major League Soccer,Ecuador
/player/258095/julian-aude/240002,24.0,J. Aude,Julián Ezequiel Aude Bernardi,LA Galaxy,Major League Soccer,Argentina
/player/277301/gabriel-pirani/240002,24.0,Gabriel Pirani,Gabriel Pirani,DC United,Major League Soccer,Brazil
/player/271779/cassius-mailula/240002,24.0,C. Mailula,Cassius Mailula,Toronto,Major League Soccer,South Africa
/player/248555/edwin-mosquera/240002,24.0,E. Mosquera,Edwin Stiven Mosquera Palacios,Atlanta United,Major League Soccer,Colombia
/player/253240/ivan-franco/240002,24.0,I. Franco,Iván René Franco Díaz,Houston Dynamo,Major League Soccer,Paraguay
/player/247509/edwin-cerrillo/240002,24.0,E. Cerrillo,Edwin Cerrillo,LA Galaxy,Major League Soccer,United States
/player/259751/matthew-hoppe/240002,24.0,M. Hoppe,Matthew Hoppe,San Jose Earthquakes,Major League Soccer,United States
/player/261222/pedro-vite/240002,24.0,P. Vite,Pedro Jeampierre Vite Uca,Vancouver Whitecaps,Major League Soccer,Ecuador
/player/246300/brayan-vera/240002,24.0,B. Vera,Brayan Emanuel Vera Ramírez,Real Salt Lake,Major League Soccer,Colombia
/player/254578/david-ayala/240002,24.0,D. Ayala,Maximiliano David Ayala,Portland Timbers,Major League Soccer,Argentina
/player/243513/gabriele-corbo/240002,24.0,G. Corbo,Gabriele Corbo,CF Montréal,Major League Soccer,Italy
/player/263784/antonio-rodrigues/240002,24.0,Rodrigues,Antônio Josenildo Rodrigues de Oliveira,San Jose Earthquakes,Major League Soccer,Brazil
/player/236587/marco-farfan/240002,24.0,M. Farfan,Marco Farfan,Dallas,Major League Soccer,United States
/player/258563/caio-alexandre-sousa-e-silva/240002,24.0,Caio Alexandre,Caio Alexandre Sousa e Silva,Vancouver Whitecaps,Major League Soccer,Brazil
/player/267873/kervin-arriaga/240002,24.0,K. Arriaga,Kervin Fabián Arriaga Villanueva,Minnesota United,Major League Soccer,Honduras
/player/268715/alonso-martinez/240002,24.0,A. Martínez,Alonso Martínez,New York City,Major League Soccer,Costa Rica
/player/271143/kyle-hiebert/240002,24.0,K. Hiebert,Kyle Hiebert,Saint Louis City,Major League Soccer,Canada
/player/242263/malte-amundsen/240002,24.0,M. Amundsen,Malte Meineche Amundsen,Columbus Crew,Major League Soccer,Denmark
/player/237214/lalas-abubakar/240002,24.0,L. Abubakar,Alhassan Abubakar,Colorado Rapids,Major League Soccer,Ghana
/player/255956/joel-waterman/240002,24.0,J. Waterman,Joel Waterman,CF Montréal,Major League Soccer,Canada
/player/197928/jonathan-bond/240002,24.0,J. Bond,Jonathan Bond,LA Galaxy,Major League Soccer,England
/player/224149/rubio-rubin/240002,24.0,R. Rubin,Rubio Yovani Méndez Rubin,Real Salt Lake,Major League Soccer,Guatemala
/player/228768/alexandre-da-costa-silva/240002,24.0,Xande Silva,Alexandre Nascimento Costa Silva,Atlanta United,Major League Soccer,Portugal
/player/244250/prince-osei-owusu/240002,24.0,P. Owusu,Prince Osei Owusu,Toronto,Major League Soccer,Germany
/player/181404/larrys-mabiala/240002,24.0,L. Mabiala,Larrys Mabiala Destin,Portland Timbers,Major League Soccer,Congo DR
/player/190971/osvaldo-alonso/240002,24.0,O. Alonso,Osvaldo Alonso Moreno,Atlanta United,Major League Soccer,Cuba
/player/193716/danny-wilson/240002,24.0,D. Wilson,Daniel John Wilson,Colorado Rapids,Major League Soccer,Scotland
/player/200395/marcelo-silva/240002,24.0,M. Silva,Marcelo Andrés Silva Fernández,Real Salt Lake,Major League Soccer,Uruguay
/player/201940/zac-macmath/240002,24.0,Z. MacMath,Zac MacMath,Real Salt Lake,Major League Soccer,United States
/player/202814/nathan-byrne/240002,24.0,N. Byrne,Nathan Byrne,Charlotte,Major League Soccer,England
/player/205669/luis-carlos-ramos-martins/240002,24.0,Luís Martins,Luís Carlos Ramos Martins,Vancouver Whitecaps,Major League Soccer,Portugal
/player/208120/kacper-przybylko/240002,24.0,K. Przybyłko,Kacper Przybyłko,Chicago Fire,Major League Soccer,Poland
/player/215823/dario-zuparic/240002,24.0,D. Župarić,Dario Župarić,Portland Timbers,Major League Soccer,Croatia
/player/217045/eric-davis/240002,24.0,É. Davis,Éric Davis,DC United,Major League Soccer,Panama
/player/217242/yuya-kubo/240002,24.0,Y. Kubo,久保 裕也,Cincinnati,Major League Soccer,Japan
/player/220886/bill-tuiloma/240002,24.0,B. Tuiloma,Bill Tuiloma,Charlotte,Major League Soccer,New Zealand
/player/222644/yamil-asad/240002,24.0,Y. Asad,Yamil Rodrigo Asad,DC United,Major League Soccer,Argentina
/player/226002/miguel-araujo/240002,24.0,M. Araujo,Miguel Gianpierre Araujo Blanco,Portland Timbers,Major League Soccer,Peru
/player/227909/john-mccarthy/240002,24.0,J. McCarthy,John McCarthy,Los Angeles FC,Major League Soccer,United States
/player/232094/jaroslaw-niezgoda/240002,24.0,J. Niezgoda,Jarosław Niezgoda,Portland Timbers,Major League Soccer,Poland
/player/234927/raheem-edwards/240002,24.0,R. Edwards,Raheem Edwards,LA Galaxy,Major League Soccer,Canada
/player/236993/nick-lima/240002,24.0,N. Lima,Nick Lima,Austin,Major League Soccer,United States
/player/241984/cory-burke/240002,24.0,C. Burke,Cory Burke,New York RB,Major League Soccer,Jamaica
/player/242533/julio-cascante/240002,24.0,J. Cascante,Julio César Cascante Solórzano,Austin,Major League Soccer,Costa Rica
/player/242648/alex-roldan/240002,24.0,A. Roldan,Alexander Roldan León,Seattle Sounders,Major League Soccer,El Salvador
/player/246406/xavier-arreaga/240002,24.0,X. Arreaga,Xavier Ricardo Arreaga Bermello,Seattle Sounders,Major League Soccer,Ecuador
/player/269617/juan-jose-mina/240002,24.0,J. Mina,Juan José Mina González,New York RB,Major League Soccer,Colombia
/player/260982/chris-brady/240002,24.0,C. Brady,Christopher Brady,Chicago Fire,Major League Soccer,United States
/player/255894/juan-david-mosquera/240002,24.0,J. Mosquera,Juan David Mosquera López,Portland Timbers,Major League Soccer,Colombia
/player/254129/christian-makoun/240002,24.0,C. Makoun,Christian Frederick Bayoi Makoun Reyes,New England,Major League Soccer,Venezuela
/player/236842/jairo-torres/240002,24.0,J. Torres,Ían Jairo Misael Torres Ramírez,Chicago Fire,Major League Soccer,Mexico
/player/242334/jaylin-lindsey/240002,24.0,J. Lindsey,Jaylin Lindsey,Charlotte,Major League Soccer,United States
/player/259573/alonso-aceves/240002,24.0,A. Aceves,Daniel Alonso Aceves Patiño,Chicago Fire,Major League Soccer,Mexico
/player/260477/nathan-harriel/240002,24.0,N. Harriel,Nathan Harriel,Philadelphia Union,Major League Soccer,United States
/player/269278/diego-gomez/240002,24.0,D. Gómez,Diego Alexander Gómez Amarilla,Inter Miami,Major League Soccer,Paraguay
/player/246047/andres-perea/240002,24.0,A. Perea,Andrés Felipe Perea Castañeda,New York City,Major League Soccer,United States
/player/255411/bryce-duke/240002,24.0,B. Duke,Bryce Duke,CF Montréal,Major League Soccer,United States
/player/259292/jack-maher/240002,24.0,J. Maher,Jack Maher,Nashville SC,Major League Soccer,United States
/player/261245/daniel-pereira/240002,24.0,D. Pereira,Daniel Pereira Gil,Austin,Major League Soccer,Venezuela
/player/263790/leonardo-alves-chu/240002,24.0,Léo Chú,Leonardo Alves Chú Franco,Seattle Sounders,Major League Soccer,Brazil
/player/266389/patrick-schulte/240002,24.0,P. Schulte,Patrick Schulte,Columbus Crew,Major League Soccer,United States
/player/237407/chris-durkin/240002,24.0,C. Durkin,Christopher James Durkin,DC United,Major League Soccer,United States
/player/267995/jackson-ragen/240002,24.0,J. Ragen,Jackson Ragen,Seattle Sounders,Major League Soccer,United States
/player/240117/maren-haile-selassie/240002,24.0,M. Haile-Selassie,Maren Haile-Selassie,Chicago Fire,Major League Soccer,Switzerland
/player/240611/dru-yearwood/240002,24.0,D. Yearwood,Dru Yearwood,New York RB,Major League Soccer,England
/player/248113/alexandru-matan/240002,24.0,A. Mățan,Alexandru Irinel Mățan,Columbus Crew,Major League Soccer,Romania
/player/235425/derrick-jones/240002,24.0,D. Jones,Derrick Jones Amaniampong,Charlotte,Major League Soccer,United States
/player/247308/john-nelson/240002,24.0,J. Nelson,John Nelson,Saint Louis City,Major League Soccer,United States
/player/247476/hassani-dotson/240002,24.0,H. Dotson,Hassani Dotson Stephenson,Minnesota United,Major League Soccer,United States
/player/251352/jacob-shaffelburg/240002,24.0,J. Shaffelburg,Jacob Shaffelburg,Nashville SC,Major League Soccer,Canada
/player/261140/javain-brown/240002,24.0,J. Brown,Javain Okemio Brown,Vancouver Whitecaps,Major League Soccer,Jamaica
/player/268349/jasper-loffelsend/240002,24.0,J. Löffelsend,Jasper Löffelsend,Real Salt Lake,Major League Soccer,Germany
/player/234300/lassi-lappalainen/240002,24.0,L. Lappalainen,Lassi Lappalainen,CF Montréal,Major League Soccer,Finland
/player/235885/tristan-muyumba/240002,24.0,T. Muyumba,Tristan Muyumba Nkita,Atlanta United,Major League Soccer,France
/player/239747/sergio-cordova/240002,24.0,S. Córdova,Sergio Duvan Córdova Lezama,Vancouver Whitecaps,Major League Soccer,Venezuela
/player/242643/liam-fraser/240002,24.0,L. Fraser,Liam Fraser,Dallas,Major League Soccer,Canada
/player/242703/jt-marcinkowski/240002,24.0,J. Marcinkowski,James Thomas Marcinkowski,San Jose Earthquakes,Major League Soccer,United States
/player/257067/zac-mcgraw/240002,24.0,Z. McGraw,Zac McGraw,Portland Timbers,Major League Soccer,Canada
/player/229217/yaw-yeboah/240002,24.0,Y. Yeboah,Yaw Yeboah,Columbus Crew,Major League Soccer,Ghana
/player/229707/jonathan-lewis/240002,24.0,J. Lewis,Jonathan Jeremy Lewis,Colorado Rapids,Major League Soccer,United States
/player/234892/matheus-rossetto/240002,24.0,Matheus Rossetto,Matheus Rossetto,Atlanta United,Major League Soccer,Brazil
/player/164505/brad-guzan/240002,24.0,B. Guzan,Bradley Guzan,Atlanta United,Major League Soccer,United States
/player/186674/roger-espinoza/240002,24.0,R. Espinoza,Róger Espinoza Ramírez,Sporting Kansas City,Major League Soccer,Honduras
/player/189508/victor-vazquez-solsona/240002,24.0,Víctor Vázquez,Víctor Vázquez Solsona,Toronto,Major League Soccer,Spain
/player/190557/graham-zusi/240002,24.0,G. Zusi,Graham Zusi,Sporting Kansas City,Major League Soccer,United States
/player/200463/tim-melia/240002,24.0,T. Melia,Tim Melia,Sporting Kansas City,Major League Soccer,United States
/player/201155/ravel-morrison/240002,24.0,R. Morrison,Ravel Morrison,DC United,Major League Soccer,Jamaica
/player/202171/josh-williams/240002,24.0,J. Williams,Josh Williams,Columbus Crew,Major League Soccer,United States
/player/202220/cj-sapong/240002,24.0,C. Sapong,Charles Kwabena Sapong,Toronto,Major League Soccer,United States
/player/202428/bobby-wood/240002,24.0,B. Wood,Bobby Shou Wood,New England,Major League Soccer,United States
/player/203398/derrick-williams/240002,24.0,D. Williams,Derrick Williams,DC United,Major League Soccer,Republic of Ireland
/player/207465/felipe-martins/240002,24.0,Felipe,Felipe Martins Campanholi,Orlando City,Major League Soccer,Brazil
/player/207783/raymon-gaddis/240002,24.0,R. Gaddis,Raymon Gaddis,Cincinnati,Major League Soccer,United States
/player/214354/dairon-asprilla/240002,24.0,D. Asprilla,Dairon Estibens Asprilla Rivas,Portland Timbers,Major League Soccer,Colombia
/player/215083/maximiliano-urruti/240002,24.0,M. Urruti,Maximiliano Nicolás Urruti Mussa,Austin,Major League Soccer,Argentina
/player/216346/alvas-powell/240002,24.0,A. Powell,Alvas Elvis Powell,Cincinnati,Major League Soccer,Jamaica
/player/217606/emmanuel-boateng/240002,24.0,E. Boateng,Emmanuel Agyenim Boateng,New England,Major League Soccer,Ghana
/player/217852/kevin-molino/240002,24.0,K. Molino,Kevin Molino,Columbus Crew,Major League Soccer,Trinidad and Tobago
/player/220600/adam-lundqvist/240002,24.0,A. Lundqvist,Adam Stefan Lundqvist,Austin,Major League Soccer,Sweden
/player/227998/dominique-badji/240002,24.0,D. Badji,Dominique Badji,Cincinnati,Major League Soccer,Senegal
/player/231587/luis-caicedo/240002,24.0,L. Caicedo,Luís Alberto Caicedo Mosquera,Houston Dynamo,Major League Soccer,Colombia
/player/231886/alex-muyl/240002,24.0,A. Muyl,Alex Muyl,Nashville SC,Major League Soccer,United States
/player/237252/jakob-nerwinski/240002,24.0,J. Nerwinski,Jakob Nerwinski,Saint Louis City,Major League Soccer,United States
/player/243464/jared-stroud/240002,24.0,J. Stroud,Jared Presson Stroud,Saint Louis City,Major League Soccer,United States
/player/247027/ruan-gregorio-teixeira/240002,24.0,Ruan,Ruan Gregório Teixeira,DC United,Major League Soccer,Brazil
/player/247356/kyle-smith/240002,24.0,K. Smith,Kyle Smith,Orlando City,Major League Soccer,United States
/player/248281/dylan-borrero/240002,24.0,D. Borrero,Dylan Felipe Borrero Caicedo,New England,Major League Soccer,Colombia
/player/247351/mateusz-bogusz/240002,24.0,M. Bogusz,Mateusz Piotr Bogusz,Los Angeles FC,Major League Soccer,Poland
/player/262597/adilson-malanda/240002,24.0,A. Malanda,Adilson Malanda,Charlotte,Major League Soccer,France
/player/266716/marco-antonio-angulo/240002,24.0,M. Angulo,Marco Antonio Angulo Solórzano,Cincinnati,Major League Soccer,Ecuador
/player/254492/tayvon-gray/240002,24.0,T. Gray,Tayvon Gray,New York City,Major League Soccer,United States
/player/255824/george-campbell/240002,24.0,G. Campbell,George Campbell,CF Montréal,Major League Soccer,United States
/player/256426/cameron-harper/240002,24.0,C. Harper,Cameron Harper,New York RB,Major League Soccer,United States
/player/239269/logan-ndenbe/240002,24.0,L. Ndenbe,Logan Ndenbe,Sporting Kansas City,Major League Soccer,Belgium
/player/247245/tomas-ostrak/240002,24.0,T. Ostrák,Tomáš Ostrák,Saint Louis City,Major League Soccer,Czech Republic
/player/255273/mauricio-pineda/240002,24.0,M. Pineda,Mauricio Pineda,Chicago Fire,Major League Soccer,United States
/player/258667/ethan-bristow/240002,24.0,E. Bristow,Ethan Bristow,Minnesota United,Major League Soccer,England
/player/259626/chinonso-offor/240002,24.0,C. Offor,Chinonso Offor Nnamdi,CF Montréal,Major League Soccer,Nigeria
/player/246336/matko-miljevic/240002,24.0,M. Miljevic,Matko Mijael Miljevic,CF Montréal,Major League Soccer,United States
/player/247506/matt-freese/240002,24.0,M. Freese,Matthew Freese,New York City,Major League Soccer,United States
/player/257346/yevgen-cheberko/240002,24.0,Y. Cheberko,Yevgen Cheberko,Columbus Crew,Major League Soccer,Ukraine
/player/259978/jesus-daniel-bueno-anez/240002,24.0,Jesús Bueno,Jesús Daniel Bueno Áñez,Philadelphia Union,Major League Soccer,Venezuela
/player/276619/rafael-navarro-leal/240002,24.0,Rafael Navarro,Rafael Navarro Leal,Colorado Rapids,Major League Soccer,Brazil
/player/238919/james-pantemis/240002,24.0,J. Pantemis,James Pantemis,CF Montréal,Major League Soccer,Canada
/player/243574/zachary-brault-guillard/240002,24.0,Z. Brault-Guillard,Zachary Brault-Guillard,CF Montréal,Major League Soccer,Canada
/player/255136/tanner-beason/240002,24.0,T. Beason,James Tanner Beason,San Jose Earthquakes,Major League Soccer,United States
/player/228744/jhojan-valencia/240002,24.0,J. Valencia,Jhojan Manuel Valencia Jiménez,Austin,Major League Soccer,Colombia
/player/242253/mason-toye/240002,24.0,M. Toye,Mason Toye,CF Montréal,Major League Soccer,United States
/player/256018/miguel-berry/240002,24.0,Miguel Berry,Miguel Berry,Atlanta United,Major League Soccer,Spain
/player/226220/memo-rodriguez/240002,24.0,M. Rodriguez,José Guillermo Rodríguez,Austin,Major League Soccer,United States
/player/237920/brandt-bronico/240002,24.0,B. Bronico,Brandt Bronico,Charlotte,Major League Soccer,United States
/player/246951/marvin-loria/240002,24.0,M. Loría,Marvin Loría,Portland Timbers,Major League Soccer,Costa Rica
/player/189514/harrison-afful/240002,24.0,H. Afful,Harrison Afful,Charlotte,Major League Soccer,Ghana
/player/193278/chris-mavinga/240002,24.0,C. Mavinga,Chris Mavinga,LA Galaxy,Major League Soccer,Congo DR
/player/193561/kelvin-leerdam/240002,24.0,K. Leerdam,Kelvin Walther Gianini Leerdam,LA Galaxy,Major League Soccer,Suriname
/player/197716/teal-bunbury/240002,24.0,T. Bunbury,Teal Alexander Bunbury,Nashville SC,Major League Soccer,United States
/player/198288/steven-beitashour/240002,24.0,S. Beitashour,Steven Mehrdad Beitashour,Colorado Rapids,Major League Soccer,Iran
/player/198335/bryan-oviedo/240002,24.0,B. Oviedo,Bryan Josué Oviedo Jiménez,Real Salt Lake,Major League Soccer,Costa Rica
/player/202076/zarek-valentin/240002,24.0,Z. Valentin,Zarek Chase Valentin,Minnesota United,Major League Soccer,Puerto Rico
/player/202469/david-bingham/240002,24.0,D. Bingham,David Bingham,Portland Timbers,Major League Soccer,United States
/player/202570/jimmy-maurer/240002,24.0,J. Maurer,Jimmy Maurer,Dallas,Major League Soccer,United States
/player/204438/clement-diop/240002,24.0,C. Diop,Clément Diop Degoud,Atlanta United,Major League Soccer,Senegal
/player/204677/oriol-rosell-argerich/240002,24.0,Oriol Rosell,Oriol Rosell Argerich,LA Galaxy,Major League Soccer,Spain
/player/207669/ethan-finlay/240002,24.0,E. Finlay,Ethan Christopher Finlay,Austin,Major League Soccer,United States
/player/210389/brad-smith/240002,24.0,B. Smith,Bradley Shaun Smith,Houston Dynamo,Major League Soccer,Australia
/player/213719/alec-kann/240002,24.0,A. Kann,Alec Kann,Cincinnati,Major League Soccer,United States
/player/219684/sam-nicholson/240002,24.0,S. Nicholson,Sam Alastair Nicholson,Colorado Rapids,Major League Soccer,Scotland
/player/221696/tommy-mcnamara/240002,24.0,T. McNamara,Thomas Liam McNamara,New England,Major League Soccer,United States
/player/226786/alex-bono/240002,24.0,A. Bono,Alexander Bono,DC United,Major League Soccer,United States
/player/227362/sigurd-rosted/240002,24.0,S. Rosted,Sigurd Rosted,Toronto,Major League Soccer,Norway
/player/229881/ariel-lassiter/240002,24.0,A. Lassiter,Ariel Daniel Lassiter Acuña,CF Montréal,Major League Soccer,Costa Rica
/player/232332/sebastien-ibeagha/240002,24.0,S. Ibeagha,Sebastien Uchechukwu Ibeagha,Dallas,Major League Soccer,United States
/player/237385/ian-harkes/240002,24.0,I. Harkes,Ian Andrew Harkes,New England,Major League Soccer,United States
/player/243126/paul-marie/240002,24.0,P. Marie,Paul Marie,San Jose Earthquakes,Major League Soccer,France
/player/254464/maikel-chang/240002,24.0,M. Chang,Maikel Chang,Real Salt Lake,Major League Soccer,Cuba
/player/266282/kristijan-kahlina/240002,24.0,K. Kahlina,Kristijan Kahlina,Charlotte,Major League Soccer,Croatia
/player/258834/giorgos-koutsias/240002,24.0,G. Koutsias,Georgios Koutsias,Chicago Fire,Major League Soccer,Greece
/player/263701/obed-vargas/240002,24.0,O. Vargas,Obed Vargas,Seattle Sounders,Major League Soccer,United States
/player/260984/brian-gutierrez/240002,24.0,B. Gutiérrez,Brian Gutiérrez,Chicago Fire,Major League Soccer,United States
/player/269151/owen-wolff/240002,24.0,O. Wolff,Owen Wolff,Austin,Major League Soccer,United States
/player/272687/benjamin-cremaschi/240002,24.0,B. Cremaschi,Benjamin Cremaschi,Inter Miami,Major League Soccer,United States
/player/258500/filip-krastev/240002,24.0,F. Krastev,Filip Yavorov Krastev,Los Angeles FC,Major League Soccer,Bulgaria
/player/260485/sang-bin-jeong/240002,24.0,Jeong Sang Bin,Sang Bin Jeong,Minnesota United,Major League Soccer,Korea Republic
/player/247173/carlos-teran/240002,24.0,C. Terán,Carlos Terán Díaz,Chicago Fire,Major League Soccer,Colombia
/player/269913/kerwin-vargas/240002,24.0,K. Vargas,Kerwin Calderón Vargas,Charlotte,Major League Soccer,Colombia
/player/248856/danny-leyva/240002,24.0,D. Leyva,Daniel Leyva,Colorado Rapids,Major League Soccer,United States
/player/266373/ben-bender/240002,24.0,B. Bender,Benjamin Bender,Charlotte,Major League Soccer,United States
/player/266275/max-alves-da-silva/240002,24.0,Max,Max Alves da Silva,Colorado Rapids,Major League Soccer,Brazil
/player/256053/john-pulskamp/240002,24.0,J. Pulskamp,John Pulskamp,Sporting Kansas City,Major League Soccer,United States
/player/241027/braian-galvan/240002,24.0,B. Galván,Braian Alejandro Galván,Colorado Rapids,Major League Soccer,Argentina
/player/270820/mohamed-farsi/240002,24.0,M. Farsi,Mohamed Farsi,Columbus Crew,Major League Soccer,Canada
/player/273124/celio-pompeu/240002,24.0,C. Pompeu,Célio Pompeu,Saint Louis City,Major League Soccer,Brazil
/player/242196/matt-real/240002,24.0,M. Real,Matthew Real,Philadelphia Union,Major League Soccer,United States
/player/247014/aboubacar-keita/240002,24.0,A. Keita,Aboubacar Kobele Keita,Colorado Rapids,Major League Soccer,United States
/player/255457/miguel-angel-navarro/240002,24.0,M. Navarro,Miguel Ángel Navarro Zárate,Chicago Fire,Major League Soccer,Venezuela
/player/261359/zan-kolmanic/240002,24.0,Ž. Kolmanič,Žan Kolmanič,Austin,Major League Soccer,Slovenia
/player/237875/rodrigo-schlegel/240002,24.0,R. Schlegel,Rodrigo Adrián Schlegel,Orlando City,Major League Soccer,Argentina
/player/240921/ronald-hernandez/240002,24.0,R. Hernández,Ronald José Hernández Pimentel,Atlanta United,Major League Soccer,Venezuela
/player/242302/brandon-servania/240002,24.0,B. Servania,Brandon Iván Servania,Toronto,Major League Soccer,United States
/player/247084/omir-fernandez/240002,24.0,O. Fernandez,Omir Guadalupe Fernandez Mosso,New York RB,Major League Soccer,United States
/player/255772/ryan-raposo/240002,24.0,R. Raposo,Ryan Raposo,Vancouver Whitecaps,Major League Soccer,Canada
/player/233881/nigel-robertha/240002,24.0,N. Robertha,Nigel Robertha,DC United,Major League Soccer,Curacao
/player/239742/jonathan-klinsmann/240002,24.0,J. Klinsmann,Jonathan Klinsmann,LA Galaxy,Major League Soccer,United States
/player/241394/ayo-akinola/240002,24.0,A. Akinola,Ayomide Akinola,San Jose Earthquakes,Major League Soccer,Canada
/player/242199/christopher-mcvey/240002,24.0,C. McVey,Christopher McVey,Inter Miami,Major League Soccer,Sweden
/player/247121/luis-barraza/240002,24.0,L. Barraza,Luis Barraza,New York City,Major League Soccer,United States
/player/253250/rodney-redes/240002,24.0,R. Redes,Rodney Iván Redes Cáceres,Austin,Major League Soccer,Paraguay
/player/260953/ahmed-hamdi/240002,24.0,A. Hamdi,Ahmed Hamdi Hussein Hafez,CF Montréal,Major League Soccer,Egypt
/player/242906/ema-twumasi/240002,24.0,E. Twumasi,Emmanuel Twumasi,Dallas,Major League Soccer,Ghana
/player/256024/nkosi-tafari/240002,24.0,N. Tafari,Nkosi Burgess,Dallas,Major League Soccer,United States
/player/261196/david-justin-taylor/240002,24.0,D. Taylor,David Justin Taylor,Minnesota United,Major League Soccer,United States
/player/229650/cristian-gutierrez/240002,24.0,C. Gutiérrez,Cristián Daniel Gutiérrez Zúñiga,Toronto,Major League Soccer,Canada
/player/237201/kendall-mcintosh/240002,24.0,K. McIntosh,Kendall Isaiah McIntosh,Sporting Kansas City,Major League Soccer,United States
/player/246804/amar-sejdic/240002,24.0,A. Sejdič,Amar Sejdič,Atlanta United,Major League Soccer,Germany
/player/235590/pablo-sisniega/240002,24.0,P. Sisniega,Pablo Eduardo Sisniega Fink,Charlotte,Major League Soccer,Mexico
/player/237116/kortne-ford/240002,24.0,K. Ford,Kortne Ford,Sporting Kansas City,Major League Soccer,United States
/player/237215/nick-depuy/240002,24.0,N. DePuy,Nick DePuy,Nashville SC,Major League Soccer,United States
/player/237250/stefan-cleveland/240002,24.0,S. Cleveland,Stefan Daniel Cleveland,Seattle Sounders,Major League Soccer,United States
/player/243302/danny-musovski/240002,24.0,D. Musovski,Danny Musovski,Real Salt Lake,Major League Soccer,United States
/player/247474/chase-gasper/240002,24.0,C. Gasper,Chase Gasper,Houston Dynamo,Major League Soccer,United States
/player/190560/omar-gonzalez/240002,24.0,O. Gonzalez,Omar Alejandro González,New England,Major League Soccer,United States
/player/202077/will-bruin/240002,24.0,W. Bruin,Will Bruin,Austin,Major League Soccer,United States
/player/202231/hector-jimenez/240002,24.0,H. Jimenez,Hector Osvaldo Jimenez,Austin,Major League Soccer,United States
/player/207610/ryan-meara/240002,24.0,R. Meara,Ryan Meara,New York RB,Major League Soccer,United States
/player/209761/daniel-steres/240002,24.0,D. Steres,Daniel Steres,Houston Dynamo,Major League Soccer,United States
/player/219871/jimmy-medranda/240002,24.0,J. Medranda,Jimmy Gerardo Medranda Obando,Columbus Crew,Major League Soccer,Colombia
/player/221656/eric-miller/240002,24.0,E. Miller,Eric Miller,Portland Timbers,Major League Soccer,United States
/player/221709/tommy-thompson/240002,24.0,T. Thompson,Thomas Palmer Thompson,San Jose Earthquakes,Major League Soccer,United States
/player/224297/alex-gersbach/240002,24.0,A. Gersbach,Alexander Joseph Gersbach,Colorado Rapids,Major League Soccer,Australia
/player/231948/brendan-hines-ike/240002,24.0,B. Hines-Ike,Brendan Daniel Hines-Ike,DC United,Major League Soccer,United States
/player/231987/taylor-washington/240002,24.0,T. Washington,Taylor Washington,Nashville SC,Major League Soccer,United States
/player/232017/jose-antonio-alfaro-vazquez/240002,24.0,Tony Alfaro,José Antonio Alfaro Vázquez,LA Galaxy,Major League Soccer,Mexico
/player/232083/joshua-yaro/240002,24.0,J. Yaro,Joshua Yaro,Saint Louis City,Major League Soccer,Ghana
/player/232166/fabian-herbers/240002,24.0,F. Herbers,Fabian Herbers,Chicago Fire,Major League Soccer,Germany
/player/236989/spencer-richey/240002,24.0,S. Richey,Spencer Richey,Chicago Fire,Major League Soccer,United States
/player/237397/brent-kallman/240002,24.0,B. Kallman,Brent Kallman,Minnesota United,Major League Soccer,United States
/player/242624/jon-gallagher/240002,24.0,J. Gallagher,Jon Gallagher,Austin,Major League Soccer,Republic of Ireland
/player/242716/corey-baird/240002,24.0,C. Baird,Corey Baird,Houston Dynamo,Major League Soccer,United States
/player/266605/caleb-wiley/240002,24.0,C. Wiley,Caleb Wiley,Atlanta United,Major League Soccer,United States
/player/270517/diego-luna/240002,24.0,D. Luna,Diego Luna,Real Salt Lake,Major League Soccer,United States
/player/260635/jalen-neal/240002,24.0,J. Neal,Jalen Neal,LA Galaxy,Major League Soccer,United States
/player/272770/jorge-cabezas/240002,24.0,J. Cabezas,Jorge Leguín Cabezas Hurtado,New York RB,Major League Soccer,Colombia
/player/266033/daniel-edelman/240002,24.0,D. Edelman,Daniel Edelman,New York RB,Major League Soccer,United States
/player/260772/wikelman-carmona/240002,24.0,W. Carmona,Wikelman José Carmona Torres,New York RB,Major League Soccer,Venezuela
/player/254695/franco-ibarra/240002,24.0,F. Ibarra,Franco Gabriel Ibarra,Toronto,Major League Soccer,Argentina
/player/262094/aziel-jackson/240002,24.0,A. Jackson,Aziel Jackson,Saint Louis City,Major League Soccer,United States
/player/254172/gustavo-vallecilla/240002,24.0,G. Vallecilla,Exon Gustavo Vallecilla Godoy,Columbus Crew,Major League Soccer,Ecuador
/player/260443/sunusi-ibrahim/240002,24.0,S. Ibrahim,Sunusi Ibrahim,CF Montréal,Major League Soccer,Nigeria
/player/268433/kobe-franklin/240002,24.0,K. Franklin,Kobe Franklin,Toronto,Major League Soccer,Canada
/player/248216/thomas-hasal/240002,24.0,T. Hasal,Thomas Hasal,Vancouver Whitecaps,Major League Soccer,Canada
/player/261114/benji-kikanovic/240002,24.0,B. Kikanović,Benjamin Kikanovic,San Jose Earthquakes,Major League Soccer,United States
/player/246450/kevin-cabral/240002,24.0,K. Cabral,Kévin Cabral,Colorado Rapids,Major League Soccer,France
/player/237550/hassan-ndam/240002,24.0,H. Ndam,Hassan Ndam,New York RB,Major League Soccer,Cameroon
/player/244677/michael-baldisimo/240002,24.0,M. Baldisimo,Michael Baldisimo,San Jose Earthquakes,Major League Soccer,Canada
/player/250849/jan-sobocinski/240002,24.0,J. Sobociński,Jan Sobociński,Charlotte,Major League Soccer,Poland
/player/261763/ethan-bartlow/240002,24.0,E. Bartlow,Ethan Bartlow,Houston Dynamo,Major League Soccer,United States
/player/253098/felipe-hernandez/240002,24.0,F. Hernandez,Felipe Hernandez,Sporting Kansas City,Major League Soccer,United States
/player/255031/robbie-robinson/240002,24.0,R. Robinson,Robbie Robinson Belmar,Inter Miami,Major League Soccer,United States
/player/255205/sebastian-berhalter/240002,24.0,S. Berhalter,Sebastian Berhalter,Vancouver Whitecaps,Major League Soccer,United States
/player/260679/aime-mabika/240002,24.0,A. Mabika,Aimé Mabika,Toronto,Major League Soccer,Zambia
/player/261565/jon-bell/240002,24.0,J. Bell,Jonathan Bell,Saint Louis City,Major League Soccer,United States
/player/239826/orrin-mckinze-gaines/240002,24.0,O. Gaines,Orrin McKinze Gaines II,Charlotte,Major League Soccer,United States
/player/247309/sam-junqua/240002,24.0,S. Junqua,Samuel Junqua,Dallas,Major League Soccer,United States
/player/255033/dylan-nealis/240002,24.0,D. Nealis,Dylan Nealis,New York RB,Major League Soccer,United States
/player/259915/jeffrey-gal/240002,24.0,J. Gal,Jeffrey Gal,Chicago Fire,Major League Soccer,United States
/player/52326/eldin-jakupovic/240002,24.0,E. Jakupović,Eldin Jakupović,Los Angeles FC,Major League Soccer,Switzerland
/player/157888/quentin-westberg/240002,24.0,Q. Westberg,Quentin Westberg,Atlanta United,Major League Soccer,United States
/player/188107/adama-diomande/240002,24.0,A. Diomande,Adama Valentin Diomande,Toronto,Major League Soccer,Norway
/player/201869/russell-teibert/240002,24.0,R. Teibert,Russell Teibert,Vancouver Whitecaps,Major League Soccer,Canada
/player/201873/joe-bendik/240002,24.0,J. Bendik,Joe Bendik,Philadelphia Union,Major League Soccer,United States
/player/206549/evan-bush/240002,24.0,E. Bush,Evan Bush,Columbus Crew,Major League Soccer,United States
/player/206631/kelyn-rowe/240002,24.0,K. Rowe,Kelyn Jaynes Rowe,Seattle Sounders,Major League Soccer,United States
/player/211581/shane-oneill/240002,24.0,S. O'Neill,Shane Edward O'Neill,Toronto,Major League Soccer,United States
/player/212540/scott-caldwell/240002,24.0,S. Caldwell,Scott Caldwell,Real Salt Lake,Major League Soccer,United States
/player/221684/ben-sweat/240002,24.0,B. Sweat,Ben Sweat,New England,Major League Soccer,United States
/player/232082/andrew-tarbell/240002,24.0,A. Tarbell,Andrew Tarbell,Houston Dynamo,Major League Soccer,United States
/player/272943/mitja-ilenic/240002,24.0,M. Ilenič,Mitja Ilenič,New York City,Major League Soccer,Slovenia
/player/254246/damian-rivera/240002,24.0,D. Rivera,Damian Rivera,New England,Major League Soccer,United States
/player/259081/moses-nyeman/240002,24.0,M. Nyeman,Moses Nyeman,Real Salt Lake,Major League Soccer,United States
/player/246422/sidnei-tavares/240002,24.0,Sidnei Tavares,Sidnei Wilson Vieira David Tavares,Colorado Rapids,Major League Soccer,Portugal
/player/260547/quinn-sullivan/240002,24.0,Q. Sullivan,Quinn Sullivan,Philadelphia Union,Major League Soccer,United States
/player/271195/elias-manoel/240002,24.0,Elias Manoel,Elias Manoel Alves de Paula,New York RB,Major League Soccer,Brazil
/player/272604/ali-ahmed/240002,24.0,A. Ahmed,Ali Ahmed,Vancouver Whitecaps,Major League Soccer,Canada
/player/274396/micael-dos-santos-silva/240002,24.0,Micael,Micael Dos Santos Silva,Houston Dynamo,Major League Soccer,Brazil
/player/277303/monsef-bakrar/240002,24.0,M. Bakrar,Monsef Bakrar,New York City,Major League Soccer,Algeria
/player/256605/jose-mulato/240002,24.0,J. Mulato,José Daniel Mulato Palacios,Dallas,Major League Soccer,Colombia
/player/256934/josh-atencio/240002,24.0,J. Atencio,Joshua Atencio,Seattle Sounders,Major League Soccer,United States
/player/266385/thor-ulfarsson/240002,24.0,T. Úlfarsson,Þorleifur Úlfarsson,Houston Dynamo,Major League Soccer,Iceland
/player/266682/will-sands/240002,24.0,W. Sands,William Sands,Columbus Crew,Major League Soccer,United States
/player/266734/marinos-tzionis/240002,24.0,M. Tzionis,Marinos Tzionis,Sporting Kansas City,Major League Soccer,Cyprus
/player/273122/akil-watts/240002,24.0,A. Watts,Akil Watts,Saint Louis City,Major League Soccer,United States
/player/266335/luca-petrasso/240002,24.0,L. Petrasso,Luca Petrasso,Orlando City,Major League Soccer,Canada
/player/270652/william-agada/240002,24.0,W. Agada,William Agada,Sporting Kansas City,Major League Soccer,Nigeria
/player/277121/nokkvi-thorisson/240002,24.0,N. Þórisson,Nökkvi Þórisson,Saint Louis City,Major League Soccer,Iceland
/player/247240/rafael-lucas-cardoso-dos-santos/240002,24.0,Rafael Santos,Rafael Lucas Cardoso dos Santos,Orlando City,Major League Soccer,Brazil
/player/261566/lucas-maciel-felix/240002,24.0,Maciel,Lucas Maciel Felix,New England,Major League Soccer,Brazil
/player/276300/levonte-johnson/240002,24.0,L. Johnson,Levonte Johnson,Vancouver Whitecaps,Major League Soccer,Canada
/player/242734/wyatt-omsberg/240002,24.0,W. Omsberg,Wyatt Omsberg,Chicago Fire,Major League Soccer,United States
/player/255177/brian-anunga/240002,24.0,B. Anunga,Brian Anunga,Nashville SC,Major League Soccer,Cameroon
/player/266717/lukas-macnaughton/240002,24.0,L. MacNaughton,Lukas MacNaughton,Nashville SC,Major League Soccer,Canada
/player/200671/victor-ulloa/240002,24.0,V. Ulloa,Victor Ulloa,Inter Miami,Major League Soccer,Mexico
/player/202073/eriq-zavaleta/240002,24.0,E. Zavaleta,Eriq Anthony Zavaleta Vanney,LA Galaxy,Major League Soccer,El Salvador
/player/212750/erik-hurtado/240002,24.0,E. Hurtado,Erik Hurtado,DC United,Major League Soccer,United States
/player/213428/clint-irwin/240002,24.0,C. Irwin,Clinton Robert Irwin,Minnesota United,Major League Soccer,United States
/player/220846/eugene-ansah/240002,24.0,E. Ansah,Eugene Ansah,Dallas,Major League Soccer,Ghana
/player/226781/khiry-shelton/240002,24.0,K. Shelton,Khiry Shelton,Sporting Kansas City,Major League Soccer,United States
/player/243459/tom-barlow/240002,24.0,T. Barlow,Tom Barlow,New York RB,Major League Soccer,United States
/player/266686/noel-buck/240002,24.0,N. Buck,Noel Buck,New England,Major League Soccer,United States
/player/247612/dante-sealy/240002,24.0,D. Sealy,Dante Sealy,Dallas,Major League Soccer,United States
/player/263628/fernando-alvarez/240002,24.0,F. Álvarez,Fernando Antonio Álvarez Amador,CF Montréal,Major League Soccer,Colombia
/player/259039/bode-hidalgo/240002,24.0,B. Hidalgo,Bode Hidalgo,Real Salt Lake,Major League Soccer,United States
/player/270955/nelson-quinones/240002,24.0,N. Quiñónes,Nelson Quiñónes,Houston Dynamo,Major League Soccer,Colombia
/player/272825/geovane-de-jesus-rocha/240002,24.0,Geovane Jesus,Geovane de Jesus Rocha,Dallas,Major League Soccer,Brazil
/player/266390/sean-zawadzki/240002,24.0,S. Zawadzki,Sean Zawadzki,Columbus Crew,Major League Soccer,United States
/player/268129/sofiane-djeffal/240002,24.0,S. Djeffal,Sofiane Djeffal,Austin,Major League Soccer,France
/player/268130/ian-murphy/240002,24.0,I. Murphy,Ian Murphy,Cincinnati,Major League Soccer,United States
/player/262781/abdoulaye-cissoko/240002,24.0,A. Cissoko,Abdoulaye Cissoko,Seattle Sounders,Major League Soccer,France
/player/263702/samuel-adeniran/240002,24.0,S. Adeniran,Samuel Oluwabukunmi Adeniran,Saint Louis City,Major League Soccer,United States
/player/246849/griffin-dorsey/240002,24.0,G. Dorsey,Griffin Dorsey,Houston Dynamo,Major League Soccer,United States
/player/267610/tsiki-ntsabeleng/240002,24.0,T. Ntsabeleng,Tsiki Ntsabeleng,Dallas,Major League Soccer,South Africa
/player/240388/nebiyou-perry/240002,24.0,N. Perry,Nebiyou Perry,Nashville SC,Major League Soccer,United States
/player/247323/erik-holt/240002,24.0,E. Holt,Erik Holt,Real Salt Lake,Major League Soccer,United States
/player/247322/tate-schmitt/240002,24.0,T. Schmitt,Tate Schmitt,Houston Dynamo,Major League Soccer,United States
/player/228296/tomas-gomez/240002,24.0,T. Gomez,Tomás Gómez,Real Salt Lake,Major League Soccer,United States
/player/227653/earl-edwards-jr/240002,24.0,E. Edwards Jr.,Earl William Edwards Jr.,New England,Major League Soccer,United States
/player/261455/darren-yapi/240002,24.0,D. Yapi,Darren Yapi,Colorado Rapids,Major League Soccer,United States
/player/269823/esmir-bajraktarevic/240002,24.0,E. Bajraktarevic,Esmir Bajraktarevic,New England,Major League Soccer,United States
/player/255335/jahkeele-marshall-rutty/240002,24.0,J. Marshall-Rutty,Jahkeele Marshall-Rutty,Toronto,Major League Soccer,Canada
/player/259713/andres-jasson/240002,24.0,A. Jasson,Andres Jasson,New York City,Major League Soccer,United States
/player/274664/hamady-diop/240002,24.0,H. Diop,Hamady Diop,Charlotte,Major League Soccer,Senegal
/player/265988/vinicius-silveira-de-mello/240002,24.0,Vinicius Mello,Vinicius Silveira de Mello,Charlotte,Major League Soccer,Brazil
/player/269923/jacen-russell-rowe/240002,24.0,J. Russell-Rowe,Jacen Russell-Rowe,Columbus Crew,Major League Soccer,Canada
/player/260398/nathan-dylan-saliba/240002,24.0,N. Saliba,Nathan-Dylan Saliba,CF Montréal,Major League Soccer,Canada
/player/266852/theodore-ku-dipietro/240002,24.0,T. Ku-DiPietro,Theodore Ku-DiPietro,DC United,Major League Soccer,United States
/player/247038/justin-haak/240002,24.0,J. Haak,Justin Haak,New York City,Major League Soccer,United States
/player/275101/bernard-kamungo/240002,24.0,B. Kamungo,Bernard Kamungo,Dallas,Major League Soccer,Tanzania
/player/256499/robert-voloder/240002,24.0,R. Voloder,Robert Voloder,Sporting Kansas City,Major League Soccer,Germany
/player/260389/sean-rea/240002,24.0,S. Rea,Sean Rea,CF Montréal,Major League Soccer,Canada
/player/264390/jake-davis/240002,24.0,J. Davis,Jake Davis,Sporting Kansas City,Major League Soccer,United States
/player/260918/tomas-romero/240002,24.0,T. Romero,Tomas Lían Romero Keubler,Toronto,Major League Soccer,El Salvador
/player/266615/deandre-kerr/240002,24.0,D. Kerr,Deandre Kerr,Toronto,Major League Soccer,Canada
/player/264157/joseph-rosales/240002,24.0,J. Rosales,Joseph Yeramid Rosales Erazo,Minnesota United,Major League Soccer,Honduras
/player/247347/justin-rennicks/240002,24.0,J. Rennicks,Justin Gerard Rennicks,New England,Major League Soccer,United States
/player/259280/ralph-priso/240002,24.0,R. Priso,Ralph Priso-Mbongue,Colorado Rapids,Major League Soccer,Canada
/player/263240/daniel-aguirre/240002,24.0,D. Aguirre,Daniel Aguirre,LA Galaxy,Major League Soccer,United States
/player/274537/philip-quinton/240002,24.0,P. Quinton,Philip Quinton,Columbus Crew,Major League Soccer,United States
/player/271048/kendall-burks/240002,24.0,K. Burks,Kendall Burks,Chicago Fire,Major League Soccer,United States
/player/271293/simon-becher/240002,24.0,S. Becher,Simon Becher,Vancouver Whitecaps,Major League Soccer,United States
/player/267923/ryan-spaulding/240002,24.0,R. Spaulding,Ryan Spaulding,New England,Major League Soccer,United States
/player/237399/evan-louro/240002,24.0,E. Louro,Evan Michael Louro,Cincinnati,Major League Soccer,United States
/player/247448/greg-ranjitsingh/240002,24.0,G. Ranjitsingh,Gregory Ranjitsingh,Toronto,Major League Soccer,Trinidad and Tobago
/player/274492/miguel-perez/240002,24.0,M. Perez,Miguel Perez,Saint Louis City,Major League Soccer,United States
/player/261605/jules-anthony-vilsaint/240002,24.0,J. Vilsaint,Jules-Anthony Vilsaint,CF Montréal,Major League Soccer,Canada
/player/274665/shakur-mohammed/240002,24.0,S. Mohammed,Shakur Mohammed,Orlando City,Major League Soccer,Ghana
/player/260411/jacob-greene/240002,24.0,J. Greene,Jacob Greene,DC United,Major League Soccer,United States
/player/251976/cameron-duke/240002,24.0,C. Duke,Cameron Duke,Sporting Kansas City,Major League Soccer,United States
/player/274841/duncan-mcguire/240002,24.0,D. McGuire,Duncan McGuire,Orlando City,Major League Soccer,United States
/player/275221/ibrahim-aliyu/240002,24.0,I. Aliyu,Ibrahim Aliyu,Houston Dynamo,Major League Soccer,Nigeria
/player/241091/brady-scott/240002,24.0,B. Scott,Brady Canfield Scott,Columbus Crew,Major League Soccer,United States
/player/267874/george-marks/240002,24.0,G. Marks,George Marks,Charlotte,Major League Soccer,United States
/player/267738/justin-rasmussen/240002,24.0,J. Rasmussen,Justin Rasmussen,Portland Timbers,Major League Soccer,United States
/player/267790/oskar-agren/240002,24.0,O. Ågren,Oskar Ågren,San Jose Earthquakes,Major League Soccer,Sweden
/player/267801/ryan-sailor/240002,24.0,R. Sailor,Ryan Sailor,Inter Miami,Major League Soccer,United States
/player/268483/preston-judd/240002,24.0,P. Judd,Preston Judd,LA Galaxy,Major League Soccer,United States
/player/239993/abraham-romero/240002,24.0,A. Romero,Abraham Romero,Los Angeles FC,Major League Soccer,United States
/player/261874/josh-bauer/240002,24.0,J. Bauer,Josh Bauer,Nashville SC,Major League Soccer,United States
/player/247753/ethan-zubak/240002,24.0,E. Zubak,Ethan Zubak,Nashville SC,Major League Soccer,United States
/player/256111/elliot-panicco/240002,24.0,E. Panicco,Elliot Panicco,Nashville SC,Major League Soccer,United States
/player/277867/kevon-lambert/240002,24.0,K. Lambert,Kevon Lambert,Real Salt Lake,Major League Soccer,Jamaica
/player/245867/jean-claude-ngando/240002,24.0,J. Ngando,Jean-Claude Ngando Mbende,Vancouver Whitecaps,Major League Soccer,Cameroon
/player/265592/gaoussou-samake/240002,24.0,G. Samaké,Gaoussou Samaké,DC United,Major League Soccer,Côte d'Ivoire
/player/256028/ifunanyachi-achara/240002,24.0,I. Achara,Ifunanyachi Achara,Houston Dynamo,Major League Soccer,Nigeria
/player/267796/serge-ngoma/240002,24.0,S. Ngoma,Serge Ngoma,New York RB,Major League Soccer,United States
/player/275253/david-ruiz/240002,24.0,D. Ruiz,David Ruiz,Inter Miami,Major League Soccer,Honduras
/player/260616/adam-saldana/240002,24.0,A. Saldaña,Adam Esparza Saldaña,LA Galaxy,Major League Soccer,United States
/player/260732/ian-fray/240002,24.0,I. Fray,Ian Fray,Inter Miami,Major League Soccer,United States
/player/271047/alex-monis/240002,24.0,A. Monis,Alex Monis,Chicago Fire,Major League Soccer,United States
/player/250840/karifa-yao/240002,24.0,K. Yao,Karifa Yao,Vancouver Whitecaps,Major League Soccer,Canada
/player/272813/jayden-reid/240002,24.0,J. Reid,Jayden Reid,New York RB,Major League Soccer,United States
/player/262845/robert-thorkelsson/240002,24.0,R. Thorkelsson,Róbert Orri Thorkelsson,CF Montréal,Major League Soccer,Iceland
/player/274536/moise-bombito/240002,24.0,M. Bombito,Moïse Bombito,Colorado Rapids,Major League Soccer,Canada
/player/261197/robert-castellanos/240002,24.0,R. Castellanos,Robert Castellanos,Sporting Kansas City,Major League Soccer,United States
/player/261780/machop-chol/240002,24.0,M. Chol,Machop Chol,Atlanta United,Major League Soccer,Sudan
/player/256110/jack-skahan/240002,24.0,J. Skahan,Jack Skahan,San Jose Earthquakes,Major League Soccer,United States
/player/275089/stephen-turnbull/240002,24.0,S. Turnbull,Stephen Turnbull,New York City,Major League Soccer,United States
/player/231861/mason-stajduhar/240002,24.0,M. Stajduhar,Mason Stajduhar,Orlando City,Major League Soccer,United States
/player/242721/eric-dick/240002,24.0,E. Dick,Eric Dick,Minnesota United,Major League Soccer,United States
/player/237305/logan-ketterer/240002,24.0,L. Ketterer,Logan Ketterer,CF Montréal,Major League Soccer,United States
/player/242715/adam-grinwis/240002,24.0,A. Grinwis,Adam Grinwis,Orlando City,Major League Soccer,United States
/player/262209/erik-duenas/240002,24.0,E. Dueñas,Erik Dueñas,Los Angeles FC,Major League Soccer,Mexico
/player/267872/noah-allen/240002,24.0,N. Allen,Noah Allen,Inter Miami,Major League Soccer,United States
/player/263060/zack-farnsworth/240002,24.0,Z. Farnsworth,Zackery Farnsworth,Real Salt Lake,Major League Soccer,United States
/player/271209/patrick-leal/240002,24.0,P. Leal,Patrick Leal,New England,Major League Soccer,United States
/player/256935/ethan-dobbelaere/240002,24.0,E. Dobbelaere,Ethan Christopher Dobbelaere,Seattle Sounders,Major League Soccer,United States
/player/266375/ousseni-bouda/240002,24.0,O. Bouda,Ousseni Bouda,San Jose Earthquakes,Major League Soccer,Burkina Faso
/player/272866/charles-auguste/240002,24.0,C. Auguste,Charles Auguste,Houston Dynamo,Major League Soccer,Canada
/player/274970/emeka-eneli/240002,24.0,E. Eneli,Emeka Somto Eneli,Real Salt Lake,Major League Soccer,United States
/player/275032/novak-micovic/240002,24.0,N. Mićović,Novak Mićović,LA Galaxy,Major League Soccer,Serbia
/player/275252/stephen-afrifa/240002,24.0,S. Afrifa,Stephen Afrifa,Sporting Kansas City,Major League Soccer,Canada
/player/270963/matthew-nocita/240002,24.0,M. Nocita,Matthew Nocita,New York RB,Major League Soccer,United States
/player/274385/mujeeb-murana/240002,24.0,M. Murana,Mujeeb Murana,Houston Dynamo,Major League Soccer,Nigeria
/player/271053/anthony-markanich/240002,24.0,A. Markanich,Anthony Markanich,Saint Louis City,Major League Soccer,United States
/player/268525/jojea-kwizera/240002,24.0,J. Kwizera,Jojea Kwizera,CF Montréal,Major League Soccer,Congo DR
/player/263995/daniel-crisostomo/240002,24.0,D. Crisostomo,Daniel Crisostomo,Los Angeles FC,Major League Soccer,United States
/player/273550/jonathan-dean/240002,24.0,J. Dean,Robert Jonathan Dean Jr,Chicago Fire,Major League Soccer,United States
/player/238076/matt-bersano/240002,24.0,M. Bersano,Matthew Bersano,Austin,Major League Soccer,United States
/player/266518/niko-tsakiris/240002,24.0,N. Tsakiris,Niko Tsakiris,San Jose Earthquakes,Major League Soccer,United States
/player/268685/jackson-hopkins/240002,24.0,J. Hopkins,Jackson Hopkins,DC United,Major League Soccer,United States
/player/258813/tyler-wolff/240002,24.0,T. Wolff,Tyler Wolff,Atlanta United,Major League Soccer,United States
/player/262002/kamron-habibullah/240002,24.0,K. Habibullah,Kamron Habibullah,Vancouver Whitecaps,Major League Soccer,Canada
/player/258351/isaac-boehmer/240002,24.0,I. Boehmer,Isaac Boehmer,Vancouver Whitecaps,Major League Soccer,Canada
/player/263679/arquimides-ordonez/240002,24.0,A. Ordoñez,Arquimides Ordoñez,Cincinnati,Major League Soccer,Guatemala
/player/273548/peter-stroud/240002,24.0,P. Stroud,Peter Stroud,New York RB,Major League Soccer,United States
/player/248748/alfonso-ocampo-chavez/240002,24.0,A. Ocampo-Chavez,Alfonso Ocampo-Chávez,Austin,Major League Soccer,United States
/player/275251/mauricio-cuevas/240002,24.0,M. Cuevas,Mauricio Cuevas,LA Galaxy,Major League Soccer,United States
/player/248168/dagur-dan-thorhallsson/240002,24.0,D. Þór­halls­son,Dag­ur Dan Þór­halls­son,Orlando City,Major League Soccer,Iceland
/player/266388/kipp-keller/240002,24.0,K. Keller,Kipp Keller,Austin,Major League Soccer,United States
/player/266856/victor-bezerra/240002,24.0,V. Bezerra,Victor Bezerra,Chicago Fire,Major League Soccer,United States
/player/273554/amet-korca/240002,24.0,A. Korça,Amet Korça,Dallas,Major League Soccer,United States
/player/274976/alonso-coello/240002,24.0,A. Coello,Alonso Coello Camarero,Toronto,Major League Soccer,Spain
/player/270137/chris-donovan/240002,24.0,C. Donovan,Chris Donovan,Philadelphia Union,Major League Soccer,United States
/player/260657/paul-rothrock/240002,24.0,P. Rothrock,Paul Rothrock,Seattle Sounders,Major League Soccer,United States
/player/267848/diego-gutierrez/240002,24.0,D. Gutierrez,Diego Gutiérrez,Portland Timbers,Major League Soccer,United States
/player/211387/ben-lundt/240002,24.0,B. Lundt,Benjamin Maximilian Lundt,Saint Louis City,Major League Soccer,Germany
/player/256106/luke-haakenson/240002,24.0,L. Haakenson,Luke Haakenson,Nashville SC,Major League Soccer,United States
/player/261656/cody-mizell/240002,24.0,C. Mizell,Cody Nobles Mizell,New York City,Major League Soccer,United States
/player/262208/reed-baker-whiting/240002,24.0,R. Baker-Whiting,Reed Baker-Whiting,Seattle Sounders,Major League Soccer,United States
/player/275338/cody-baker/240002,24.0,C. Baker,Cody Baker,Seattle Sounders,Major League Soccer,United States
/player/257205/harvey-neville/240002,24.0,H. Neville,Harvey Neville,Inter Miami,Major League Soccer,Republic of Ireland
/player/260545/brandan-craig/240002,24.0,B. Craig,Brandan Craig,Austin,Major League Soccer,United States
/player/272603/nolan-norris/240002,24.0,N. Norris,Nolan Norris,Dallas,Major League Soccer,United States
/player/266817/nico-benalcazar/240002,24.0,N. Benalcazar,Nico Benalcazar,New York City,Major League Soccer,United States
/player/266213/collin-smith/240002,24.0,C. Smith,Collin Smith,Dallas,Major League Soccer,United States
/player/260743/hunter-sulte/240002,24.0,H. Sulte,Hunter Sulte,Portland Timbers,Major League Soccer,United States
/player/272755/jacob-castro/240002,24.0,J. Castro,Jacob Castro,Seattle Sounders,Major League Soccer,United States
/player/274535/maximilian-arfsten/240002,24.0,M. Arfsten,Maximilian Arfsten,Columbus Crew,Major League Soccer,United States
/player/275486/max-schneider/240002,24.0,M. Schneider,Max Schneider,Saint Louis City,Major League Soccer,Germany
/player/275279/emmanuel-iwe/240002,24.0,E. Iwe,Emmanuel Iwe,Minnesota United,Major League Soccer,Nigeria
/player/277189/javier-otero/240002,24.0,J. Otero,Javier Otero,Orlando City,Major League Soccer,Venezuela
/player/260421/isaiah-parente/240002,24.0,I. Parente,Isaiah Parente,Columbus Crew,Major League Soccer,United States
/player/268327/dylan-teves/240002,24.0,D. Teves,Dylan Teves,Seattle Sounders,Major League Soccer,United States
/player/274646/ousman-jabang/240002,24.0,O. Jabang,Ousman Jabang,CF Montréal,Major League Soccer,United States
/player/275212/gino-vivi/240002,24.0,G. Vivi,Gino Vivi Quesada,LA Galaxy,Major League Soccer,Costa Rica
/player/261604/calvin-harris/240002,24.0,C. Harris,Calvin Harris,Colorado Rapids,Major League Soccer,England
/player/266340/will-richmond/240002,24.0,W. Richmond,William Richmond,San Jose Earthquakes,Major League Soccer,United States
/player/271108/tani-oluwaseyi/240002,24.0,T. Oluwaseyi,Tani Oluwaseyi,Minnesota United,Major League Soccer,Nigeria
/player/274106/charlie-asensio/240002,24.0,C. Asensio,Charlie Asensio,Austin,Major League Soccer,United States
/player/275485/john-klein/240002,24.0,J. Klein,John Klein,Saint Louis City,Major League Soccer,United States
/player/261022/bento-estrela/240002,24.0,B. Estrela,Bento Estrela,New York RB,Major League Soccer,United States
/player/272756/favian-loyola/240002,24.0,F. Loyola,Favian Loyola,Orlando City,Major League Soccer,United States
/player/261639/curtis-ofori/240002,24.0,C. Ofori,Curtis Ofori,New York RB,Major League Soccer,United States
/player/269005/brooklyn-raines/240002,24.0,B. Raines,Brooklyn Raines,Houston Dynamo,Major League Soccer,United States
/player/259291/christian-torres/240002,24.0,C. Torres,Christian Dominick Torres,Los Angeles FC,Major League Soccer,Mexico
/player/260724/marcus-ferkranus/240002,24.0,M. Ferkranus,Marcus Ferkranus,LA Galaxy,Major League Soccer,United States
/player/274574/nelson-pierre/240002,24.0,N. Pierre,Nelson Pierre,Philadelphia Union,Major League Soccer,United States
/player/262379/michael-halliday/240002,24.0,M. Halliday,Michael Halliday,Orlando City,Major League Soccer,United States
/player/261585/wilfredo-rivera/240002,24.0,W. Rivera,Wilfredo Rivera Cepeda,Orlando City,Major League Soccer,Puerto Rico
/player/272887/xavier-valdez/240002,24.0,X. Valdez,Xavier Valdez,Houston Dynamo,Major League Soccer,Dominican Republic
/player/256034/abraham-rodriguez/240002,24.0,A. Rodriguez,Abraham Rodriguez,Colorado Rapids,Major League Soccer,United States
/player/272667/hugo-mbongue/240002,24.0,H. Mbongue,Hugo Mbongue,Toronto,Major League Soccer,Canada
/player/271109/ahmed-longmire/240002,24.0,A. Longmire,Ahmed Longmire,Nashville SC,Major League Soccer,United States
/player/261419/michael-edwards/240002,24.0,M. Edwards,Michael Joseph Edwards,Colorado Rapids,Major League Soccer,United States
/player/266857/hayden-sargis/240002,24.0,H. Sargis,Hayden Sargis,DC United,Major League Soccer,United States
/player/267636/cj-dos-santos/240002,24.0,C. dos Santos,CJ dos Santos,Inter Miami,Major League Soccer,United States
/player/274685/patrick-agyemang/240002,24.0,P. Agyemang,Patrick Agyemang,Charlotte,Major League Soccer,Ghana
/player/268767/jack-lynn/240002,24.0,J. Lynn,Jack Lynn,Orlando City,Major League Soccer,United States
/player/269091/themi-antonoglou/240002,24.0,T. Antonoglou,Themi Antonoglou,Toronto,Major League Soccer,Canada
/player/275686/travian-sousa/240002,24.0,T. Sousa,Travian Sousa,Seattle Sounders,Major League Soccer,United States
/player/277916/luka-gavran/240002,24.0,L. Gavran,Luka Gavran,Toronto,Major League Soccer,Canada
/player/275293/bertin-jacquesson/240002,24.0,B. Jacquesson,Bertin Jacquesson,Real Salt Lake,Major League Soccer,France
/player/261333/jeremy-rafanello/240002,24.0,J. Rafanello,Jeremy Rafanello,Philadelphia Union,Major League Soccer,United States
/player/273942/holden-trent/240002,24.0,H. Trent,Holden Trent,Philadelphia Union,Major League Soccer,United States
/player/275469/jordan-faria/240002,24.0,J. Faria,Jordan Faria,Toronto,Major League Soccer,Canada
/player/268009/kevin-otoole/240002,24.0,K. O'Toole,Kevin O'Toole,New York City,Major League Soccer,United States
/player/256274/laurence-wyke/240002,24.0,L. Wyke,Laurence Wyke,Nashville SC,Major League Soccer,England
/player/271112/gavin-beavers/240002,24.0,G. Beavers,Gavin Beavers,Real Salt Lake,Major League Soccer,United States
/player/254277/emmanuel-ochoa/240002,24.0,E. Ochoa,Emmanuel Ochoa,San Jose Earthquakes,Major League Soccer,United States
/player/263237/thomas-williams/240002,24.0,T. Williams,Thomas Williams,Orlando City,Major League Soccer,United States
/player/273555/jack-panayotou/240002,24.0,J. Panayotou,Jack Panayotou,New England,Major League Soccer,United States
/player/262210/antonio-leone/240002,24.0,A. Leone,Antonio Jeremiah Leone,Los Angeles FC,Major League Soccer,Mexico
/player/262099/kayden-pierre/240002,24.0,K. Pierre,Kayden Pierre,Sporting Kansas City,Major League Soccer,United States
/player/254154/casey-walls/240002,24.0,C. Walls,Casey Walls,San Jose Earthquakes,Major League Soccer,United States
/player/264366/julian-gaines/240002,24.0,J. Gaines,Julian Gaines,Los Angeles FC,Major League Soccer,United States
/player/267802/antonio-carrera/240002,24.0,A. Carrera,Antonio Carrera,Dallas,Major League Soccer,United States
/player/248567/sebastian-anderson/240002,24.0,S. Anderson,Sebastian Sun Anderson,Colorado Rapids,Major League Soccer,United States
/player/270066/steven-sserwadda/240002,24.0,S. Sserwadda,Steven Sserwadda,New York RB,Major League Soccer,Uganda
/player/274108/owen-omalley/240002,24.0,O. O'Malley,Owen O'Malley,Saint Louis City,Major League Soccer,United States
/player/266344/tega-ikoba/240002,24.0,T. Ikoba,Tega Ikoba,Portland Timbers,Major League Soccer,United States
/player/266819/samuel-owusu/240002,24.0,S. Owusu,Samuel Owusu,New York City,Major League Soccer,Ghana
/player/267622/anton-sorenson/240002,24.0,A. Sorenson,Anthony Sorenson,Philadelphia Union,Major League Soccer,United States
/player/274267/chris-rindov/240002,24.0,C. Rindov,Chris Rindov,Sporting Kansas City,Major League Soccer,United States
/player/261232/bret-halsey/240002,24.0,B. Halsey,Bret Halsey,Cincinnati,Major League Soccer,United States
/player/267787/anthony-marcucci/240002,24.0,A. Marcucci,Anthony Marcucci,New York RB,Major League Soccer,United States
/player/276746/victor-griffith/240002,24.0,V. Griffith,Victor Griffith,Portland Timbers,Major League Soccer,Panama
/player/252335/luis-zamudio/240002,24.0,L. Zamudio,Luis Enrique Jr Zamudio Lizardo,DC United,Major League Soccer,United States
/player/274274/keegan-tingey/240002,24.0,K. Tingey,Keegan Tingey,San Jose Earthquakes,Major League Soccer,United States
/player/276497/lazar-stefanovic/240002,24.0,L. Stefanović,Lazar Stefanović,Toronto,Major League Soccer,Canada
/player/272609/tarik-scott/240002,24.0,T. Scott,Tarik Scott,Dallas,Major League Soccer,United States
/player/274107/cj-fodrey/240002,24.0,C. Fodrey,Calvin Fodrey,Austin,Major League Soccer,United States
/player/266281/chris-hegardt/240002,24.0,C. Hegardt,Christopher Hegardt,Charlotte,Major League Soccer,United States
/player/266726/damian-las/240002,24.0,D. Las,Damian Las,Austin,Major League Soccer,United States
/player/277622/joey-skinner/240002,24.0,J. Skinner,Joey Skinner,Nashville SC,Major League Soccer,United States
/player/274580/abdi-salim/240002,24.0,A. Salim,Abdi Salim,Orlando City,Major League Soccer,Kenya
/player/275977/yekeson-subah/240002,24.0,Y. Subah,Yekeson Subah,Los Angeles FC,Major League Soccer,United States
/player/277619/justin-reynolds/240002,24.0,J. Reynolds,Justin Reynolds,Chicago Fire,Major League Soccer,United States
/player/260007/jackson-conway/240002,24.0,J. Conway,Jackson Conway,Atlanta United,Major League Soccer,United States
/player/272817/brandon-cambridge/240002,24.0,B. Cambridge,Brandon Cambridge,Charlotte,Major League Soccer,United States
/player/272663/sota-kitahara/240002,24.0,S. Kitahara,Sota Kitahara,Seattle Sounders,Major League Soccer,United States
/player/274541/isaiah-foster/240002,24.0,I. Foster,Isaiah Foster,Cincinnati,Major League Soccer,United States
/player/274534/andrew-privett/240002,24.0,A. Privett,Andrew Privett,Charlotte,Major League Soccer,United States
/player/274539/joey-akpunonu/240002,24.0,J. Akpunonu,Joey Akpunonu,Cincinnati,Major League Soccer,United States
/player/274268/mikael-marques/240002,24.0,M. Marqués,Mikael Josh Marques de Pombal Vivar,Minnesota United,Major League Soccer,Sweden
/player/275115/benjamin-martino/240002,24.0,B. Martino,Benjamin Martino,Nashville SC,Major League Soccer,United States
/player/275365/cole-jensen/240002,24.0,C. Jensen,Cole Jensen,Inter Miami,Major League Soccer,United States
/player/275645/noel-caliskan/240002,24.0,N. Caliskan,Noel Caliskan,Portland Timbers,Major League Soccer,Germany
/player/266853/jake-morris/240002,24.0,J. Morris,Jake Morris,Columbus Crew,Major League Soccer,United States
/player/274109/michael-creek/240002,24.0,M. Creek,Michael Creek,Saint Louis City,Major League Soccer,United States
/player/274272/noah-cobb/240002,24.0,N. Cobb,Noah Cobb,Atlanta United,Major League Soccer,United States
/player/271051/sergio-oregel/240002,24.0,S. Oregel,Sergio Oregel Jr.,Chicago Fire,Major League Soccer,United States
/player/276215/diego-rosales/240002,24.0,D. Rosales,Diego Rosales,Los Angeles FC,Major League Soccer,United States
/player/262004/matteo-campagna/240002,24.0,M. Campagna,Matteo Campagna,Vancouver Whitecaps,Major League Soccer,Canada
/player/267920/alexander-freeman/240002,24.0,A. Freeman,Alexander Freeman,Orlando City,Major League Soccer,United States
/player/274269/paul-walters/240002,24.0,P. Walters,Paul Walters,Cincinnati,Major League Soccer,United States
/player/275974/nathan-ordaz/240002,24.0,N. Ordaz,Nathan Ordaz,Los Angeles FC,Major League Soccer,Mexico
/player/260767/zaydan-bello/240002,24.0,Z. Bello,Zaydan Bello,Minnesota United,Major League Soccer,Australia
/player/246447/elio-nicolas-firmino/240002,24.0,Nicolas Firmino,Elio Nicolas Firmino,Atlanta United,Major League Soccer,Brazil
/player/274581/herbert-endeley/240002,24.0,H. Endeley,Herbert Endeley,Dallas,Major League Soccer,United States
/player/273551/ryen-jiba/240002,24.0,R. Jiba,Ryen Jiba,Minnesota United,Major League Soccer,South Sudan
/player/274533/daniel-munie/240002,24.0,D. Munie,Daniel Munie,San Jose Earthquakes,Major League Soccer,United States
/player/271113/jude-wellings/240002,24.0,J. Wellings,Jude Wellings,Real Salt Lake,Major League Soccer,United States
/player/269196/max-anchor/240002,24.0,M. Anchor,Max Anchor,Vancouver Whitecaps,Major League Soccer,Canada
/player/260983/javier-casas-jr/240002,24.0,J. Casas Jr.,Javier Casas Jr.,Chicago Fire,Major League Soccer,United States
/player/275602/gerardo-valenzuela/240002,24.0,G. Valenzuela,Gerardo Valenzuela,Cincinnati,Major League Soccer,United States
/player/255336/fred-emmings/240002,24.0,F. Emmings,Fred Emmings,Minnesota United,Major League Soccer,United States
/player/271049/missael-rodriguez/240002,24.0,M. Rodríguez,Missael Rodríguez,Chicago Fire,Major League Soccer,United States
/player/266818/jonathan-jimenez/240002,24.0,J. Jimenez,Jonathan Jimenez,New York City,Major League Soccer,Mexico
/player/271106/devin-padelford/240002,24.0,D. Padelford,Devin Padelford,Minnesota United,Major League Soccer,United States
/player/274543/malik-pinto/240002,24.0,M. Pinto,Malik Pinto,Cincinnati,Major League Soccer,United States
/player/276245/london-aghedo/240002,24.0,L. Aghedo,London Aghedo,Cincinnati,Major League Soccer,United States
/player/260912/osvaldo-cisneros/240002,24.0,O. Cisneros,Osvaldo Cisneros,Sporting Kansas City,Major League Soccer,United States
/player/274273/ajani-fortune/240002,24.0,A. Fortune,Ajani Fortune,Atlanta United,Major League Soccer,Trinidad and Tobago
/player/271151/brian-romero/240002,24.0,B. Romero,Brian Romero,Charlotte,Major League Soccer,United States
